claim_id,section,priority,text,cites,linked_source_urls,intended_sources_if_shifted,dangling_cites,check_depth,verdict,verdict_vs_intended,reason,correct_fact,correct_link,factual_issue
C001,,P,"Baruch Spinoza (24 November 1632 – 21 February 1677) was a Dutch philosopher of Sephardic Portuguese-Jewish origin, born in Amsterdam to parents who had immigrated from Portugal to escape religious persecution.",1,https://research.rug.nl/files/71388054/Oberto_Marrama_Spinoza_Type_C.pdf,,,none,UNVERIFIABLE,-,"Ref 1 (PhilArchive) bot-blocked. Dates match standard chronology. C012 says Hanna Deborah was born in Amsterdam, which clashes with ""parents who had immigrated""",Dates 24 Nov 1632 – 21 Feb 1677 are standard,https://plato.stanford.edu/entries/spinoza/,N
C002,,P,"At age 23, he was excommunicated by the Portuguese-Jewish community in Amsterdam on 27 July 1656 with an unusually severe cherem (ban), citing his ""abominable heresies"" and refusal to recant, which severed his ties to the synagogue and community.",2 3,https://www.tau.ac.il/~kasher/pspin.htm ; https://www.neh.gov/article/why-spinoza-was-excommunicated,,,read,SUPPORTED,-,"Kasher/Biderman and NEH give 27 July 1656, ""abominable heresies"" and the harshness of the ban",,https://www.neh.gov/article/why-spinoza-was-excommunicated,N
C003,,P,"Spinoza earned his living grinding optical lenses while developing a comprehensive rationalist philosophy grounded in geometric-demonstrative method, most fully expounded in his posthumously published Ethics (1677), which posits substance monism—identifying God with Nature (Deus sive Natura) as the sole infinite substance possessing attributes like thought and extension, from which follows strict causal determinism rejecting free will in the ordinary sense.",4,https://pubs.lib.umn.edu/index.php/aisthesis/article/view/50/35,,,none,UNVERIFIABLE,-,Ref 4 (UMN journal) came back as an unreadable binary. The claim is a standard summary of the Ethics,,https://plato.stanford.edu/entries/spinoza/,N
C004,,P,"His Tractatus Theologico-Politicus (1670), published anonymously, pioneered historical-critical biblical interpretation by treating Scripture as a human product to be understood through its historical context and authors' intentions rather than divine dictation, while arguing for freedom of thought and expression as essential to piety and state stability.",5,https://www.cambridge.org/core/books/spinozas-theologicalpolitical-treatise/F44C8F0EA7402357FDA89BA79FDF3A9E,,,skim,MISCITED,-,Ref 5 is a chapter abstract on Leibniz's reception of the TTP and does not make these claims about the TTP's method,The content matches the TTP (Preface; ch. 7),https://www.gutenberg.org/ebooks/989,N
C005,,-,"These works provoked widespread bans and accusations of atheism, despite Spinoza's explicit identification of God with substance, marking him as a controversial figure whose rejection of anthropomorphic theology and superstition challenged both Jewish orthodoxy and Cartesian dualism.",6,https://onlinelibrary.wiley.com/doi/abs/10.1002/9781119538349.ch1,,,none,NOT_CHECKED,-,outside priority set and not in the random sample,,,
C006,,-,"Spinoza's emphasis on reason as the path to human flourishing through knowledge of necessities, intellectual love of God, and ethical conatus (striving for perseverance in being) influenced Enlightenment thinkers, secular biblical scholarship, and later philosophy, though his pantheistic monism and deterministic worldview remain debated for their implications on religion, morality, and politics.",7 4,https://www.cambridge.org/core/books/cambridge-companion-to-spinoza/spinozas-contribution-to-biblical-scholarship/21DCD738A57D5E689F78E90ABF96A081 ; https://pubs.lib.umn.edu/index.php/aisthesis/article/view/50/35,,,none,NOT_CHECKED,-,outside priority set and not in the random sample,,,
C007,Early Life and Background > Family Origins and Marrano Heritage,P,"Baruch Spinoza was born on November 24, 1632, in Amsterdam to Michael de Spinoza, a prominent merchant in the Portuguese-Jewish community, and his second wife, Hannah Deborah Senior.",8 9,https://www.jewishencyclopedia.com/articles/13964-Spinoza-baruch-benedict-de-spinoza ; https://assets.cambridge.org/97805218/36203/excerpt/9780521836203_excerpt.pdf,,,read,SUPPORTED,-,Jewish Encyclopedia (ref 8): Michael a merchant; Hannah Deborah his second wife,,https://www.jewishencyclopedia.com/articles/13964-Spinoza-baruch-benedict-de-spinoza,N
C008,Early Life and Background > Family Origins and Marrano Heritage,P,"Michael's first wife had died in 1627, leaving two daughters, Miriam and Rebekah, while Hannah Deborah, who bore Baruch and possibly other children, died in 1638 when Baruch was five years old.",8 9,https://www.jewishencyclopedia.com/articles/13964-Spinoza-baruch-benedict-de-spinoza ; https://assets.cambridge.org/97805218/36203/excerpt/9780521836203_excerpt.pdf,,,read,SUPPORTED,-,"JE 1906 does say this, but its genealogy is outdated","Spinoza Web: Michael's first wife Rachel d. 1627. Miriam, Isaac, Rebecca, Gabriel and Baruch were most likely all Hanna Deborah's children",https://spinozaweb.org/people/4,Y
C009,Early Life and Background > Family Origins and Marrano Heritage,P,"Michael himself died on March 28, 1654, after remarrying in 1641 to Esther Fernand, who predeceased him in 1653.",8 9,https://www.jewishencyclopedia.com/articles/13964-Spinoza-baruch-benedict-de-spinoza ; https://assets.cambridge.org/97805218/36203/excerpt/9780521836203_excerpt.pdf,,,read,SUPPORTED,-,"Ref 8 gives Michael's death as 28 March 1654. The remarriage and Esther details rest on ref 9, which was unreachable (SSL error)",,https://www.jewishencyclopedia.com/articles/13964-Spinoza-baruch-benedict-de-spinoza,N
C010,Early Life and Background > Family Origins and Marrano Heritage,-,"The Spinoza family traced its roots to Sephardic Jews from the Iberian Peninsula, with the surname derived from the town of Espinosa in León, Spain.",8,https://www.jewishencyclopedia.com/articles/13964-Spinoza-baruch-benedict-de-spinoza,,,none,NOT_CHECKED,-,outside priority set and not in the random sample,,,
C011,Early Life and Background > Family Origins and Marrano Heritage,P,"Michael's father, Abraham Michael de Spinoza, had been a community leader in Amsterdam, serving as president of the Sephardic congregation in 1639.",8,https://www.jewishencyclopedia.com/articles/13964-Spinoza-baruch-benedict-de-spinoza,,,read,SUPPORTED,-,"JE does say this, but modern scholarship differs","Spinoza Web: Abraham de Spinoza (of Nantes) was Michael's uncle and father-in-law, not his father",https://spinozaweb.org/people/4,Y
C012,Early Life and Background > Family Origins and Marrano Heritage,P,"Hannah Deborah's family originated from Porto, Portugal, though she herself was born in Amsterdam to recent immigrants.",9,https://assets.cambridge.org/97805218/36203/excerpt/9780521836203_excerpt.pdf,,,none,UNVERIFIABLE,-,"Ref 9 unreachable (SSL error). Clashes with C001's ""parents who had immigrated""","Not resolved here. Check Nadler, Spinoza: A Life",https://spinozaweb.org/people/4,N
C013,Early Life and Background > Family Origins and Marrano Heritage,P,"The family belonged to the ""Portuguese Nation,"" a term for Sephardic Jews who had settled in Amsterdam after fleeing persecution, establishing businesses in trade and importing goods from Portugal, Spain, and the Mediterranean.",9 10,https://assets.cambridge.org/97805218/36203/excerpt/9780521836203_excerpt.pdf ; https://www.cambridge.org/core/books/cambridge-companion-to-spinoza/spinozas-life/BB01FADE7D59D6E2A767D8481F875D4A,,,title,UNVERIFIABLE,-,Ref 9 unreachable; ref 10 is a chapter abstract only. The claim itself is general background,,https://www.neh.gov/article/why-spinoza-was-excommunicated,N
C014,Early Life and Background > Family Origins and Marrano Heritage,-,"As descendants of New Christians—Jews forcibly converted to Christianity in Spain and Portugal during the late 15th century—the Spinozas exemplified Marrano heritage, characterized by secret adherence to Judaism amid Inquisition threats.",9 10,https://assets.cambridge.org/97805218/36203/excerpt/9780521836203_excerpt.pdf ; https://www.cambridge.org/core/books/cambridge-companion-to-spinoza/spinozas-life/BB01FADE7D59D6E2A767D8481F875D4A,,,none,NOT_CHECKED,-,outside priority set and not in the random sample,,,
C015,Early Life and Background > Family Origins and Marrano Heritage,P,"Many such families, including Spinoza's ancestors, relocated first to Antwerp in the 1570s amid the Dutch Revolt's disruptions to Spanish trade, then to tolerant Amsterdam by the early 17th century, where they openly reverted to Judaism under the protection of Dutch authorities.",9,https://assets.cambridge.org/97805218/36203/excerpt/9780521836203_excerpt.pdf,,,none,UNVERIFIABLE,-,Ref 9 unreachable. The Antwerp-1570s route could not be checked,"Not resolved; check Nadler, Spinoza: A Life, ch. 1",,N
C016,Early Life and Background > Family Origins and Marrano Heritage,-,"This migration preserved a distinct Iberian-Jewish identity, blending commercial acumen with cautious religious observance shaped by prior crypto-Judaism.",9 10,https://assets.cambridge.org/97805218/36203/excerpt/9780521836203_excerpt.pdf ; https://www.cambridge.org/core/books/cambridge-companion-to-spinoza/spinozas-life/BB01FADE7D59D6E2A767D8481F875D4A,,,none,NOT_CHECKED,-,outside priority set and not in the random sample,,,
C017,Early Life and Background > Family Origins and Marrano Heritage,-,"Spinoza's immediate family included siblings Isaac, Gabriel (also known as Abraham), Miriam, and Rebecca, raised in Amsterdam's Jewish quarter along the Houtgracht, near synagogues and markets frequented by the Portuguese community.",9,https://assets.cambridge.org/97805218/36203/excerpt/9780521836203_excerpt.pdf,,,none,NOT_CHECKED,-,outside priority set and not in the random sample,,,
C018,Early Life and Background > Family Origins and Marrano Heritage,-,"Michael held leadership roles, such as on the Mahamad, the community's governing body, reflecting the family's integration into this immigrant network of merchants and scholars.",9,https://assets.cambridge.org/97805218/36203/excerpt/9780521836203_excerpt.pdf,,,none,NOT_CHECKED,-,outside priority set and not in the random sample,,,
C019,Early Life and Background > Family Origins and Marrano Heritage,-,"This environment, while fostering prosperity, also imposed strict orthodoxy on a population still recovering from generations of forced assimilation and flight.",10,https://www.cambridge.org/core/books/cambridge-companion-to-spinoza/spinozas-life/BB01FADE7D59D6E2A767D8481F875D4A,,,none,NOT_CHECKED,-,outside priority set and not in the random sample,,,
C020,Early Life and Background > Childhood Education and Initial Influences,P,"Baruch Spinoza, born Bento de Spinoza on 24 November 1632 in Amsterdam, was the middle son of Michael de Spinoza, a merchant of moderate means in the Portuguese-Jewish community, and Hanna Deborah, who died in 1638 when he was nearly six years old.",11,https://iep.utm.edu/spinoza/,,,read,SUPPORTED,-,"IEP and SEP give Bento name, birth date, Hanna's death in 1638 and ""middle son""",,https://iep.utm.edu/spinoza/,N
C021,Early Life and Background > Childhood Education and Initial Influences,-,His family descended from Marranos—Jews who had been forcibly converted to Christianity in Portugal but continued practicing Judaism secretly before emigrating to the Dutch Republic to escape persecution.,11,https://iep.utm.edu/spinoza/,,,none,NOT_CHECKED,-,outside priority set and not in the random sample,,,
C022,Early Life and Background > Childhood Education and Initial Influences,S,"The Amsterdam Sephardic community provided a relatively tolerant environment for such exiles, fostering trade and intellectual pursuits within a framework of orthodox Jewish observance.",12,https://plato.stanford.edu/entries/spinoza/,,,skim,SUPPORTED,-,SEP describes the community context,,https://plato.stanford.edu/entries/spinoza/,N
C023,Early Life and Background > Childhood Education and Initial Influences,S,"From an early age, Spinoza attended the Talmud Torah school affiliated with the Portuguese synagogue, receiving the standard education for boys in the community to become literate and observant Jews.",11,https://iep.utm.edu/spinoza/,,,skim,SUPPORTED,-,IEP on the Talmud Torah school,,https://iep.utm.edu/spinoza/,N
C024,Early Life and Background > Childhood Education and Initial Influences,-,"The curriculum emphasized Hebrew grammar and language, the Torah, prophetic writings, liturgy, and introductory rabbinical commentaries, aiming to instill knowledge of scripture and halakhic tradition.",11,https://iep.utm.edu/spinoza/,,,none,NOT_CHECKED,-,outside priority set and not in the random sample,,,
C025,Early Life and Background > Childhood Education and Initial Influences,P,"He did not progress to advanced Talmudic study, which typically prepared students for rabbinical roles, and recent scholarship indicates he was not a full-time pupil under senior rabbis like Saul Levi Morteira.",13,https://www.encyclopedia.com/people/philosophy-and-religion/philosophy-biographies/baruch-spinoza,,,read,SUPPORTED,-,Ref 13 says he was not a full-time pupil at the upper levels,,https://spinozaweb.org/people/4,N
C026,Early Life and Background > Childhood Education and Initial Influences,-,"Nonetheless, Spinoza was recognized as an intellectually gifted student, a star pupil whose precocity suggested potential for scholarly distinction within the congregation.",12,https://plato.stanford.edu/entries/spinoza/,,,none,NOT_CHECKED,-,outside priority set and not in the random sample,,,
C027,Early Life and Background > Childhood Education and Initial Influences,-,"Initial influences stemmed from this orthodox Jewish framework, exposing him to rationalist elements in medieval Jewish thought, such as interpretive methods reconciling scripture with philosophy, though direct engagement with figures like Maimonides likely occurred later.",12,https://plato.stanford.edu/entries/spinoza/,,,none,NOT_CHECKED,-,outside priority set and not in the random sample,,,
C028,Early Life and Background > Childhood Education and Initial Influences,-,"The school's emphasis on textual exegesis and communal piety shaped his early worldview, contrasting with the heterodox ideas he would later encounter from Cartesian philosophy and free-thinking circles in Amsterdam.",11,https://iep.utm.edu/spinoza/,,,none,NOT_CHECKED,-,outside priority set and not in the random sample,,,
C029,Early Life and Background > Childhood Education and Initial Influences,P,"By around age 18 in 1650, Spinoza's formal education ended as he entered the family importing business, marking the transition from structured learning to independent intellectual exploration.",12,https://plato.stanford.edu/entries/spinoza/,,,read,SUPPORTED,-,"SEP says ""at the age of seventeen"", against the article's ""around age 18""; minor",Left school around age 17,https://plato.stanford.edu/entries/spinoza/,N
C030,Early Life and Background > Entry into Family Business and Emerging Doubts,P,"Spinoza assisted in his family's import business, which specialized in dried fruits such as raisins and other goods from Portugal, following the completion of his formal Jewish education around 1650.",3,https://www.neh.gov/article/why-spinoza-was-excommunicated,,,read,SUPPORTED,-,NEH: the family firm imported dried fruit,,https://www.neh.gov/article/why-spinoza-was-excommunicated,N
C031,Early Life and Background > Entry into Family Business and Emerging Doubts,P,"His father, Michael de Spinoza, managed the firm until his death on March 28, 1654, after which Spinoza and his half-brother Gabriel assumed control amid disputes with their sister Rebecca over inheritance and business claims.",3 14,https://www.neh.gov/article/why-spinoza-was-excommunicated ; https://spinozaweb.org/people/4,,,read,MISCITED,-,"NEH (ref 3) says ""his brother Gabriel"", not half-brother",Brother Gabriel (Spinoza Web treats both as Hanna's sons),https://www.neh.gov/article/why-spinoza-was-excommunicated,Y
C032,Early Life and Background > Entry into Family Business and Emerging Doubts,P,"Spinoza demonstrated minimal commitment to commercial activities, often prioritizing independent study over daily operations, which strained family expectations.",3,https://www.neh.gov/article/why-spinoza-was-excommunicated,,,skim,MISCITED,-,"NEH calls him ""a young merchant"" and mentions the business's poor condition, but says nothing of minimal commitment or strained family expectations",,,N
C033,Early Life and Background > Entry into Family Business and Emerging Doubts,-,"During this period, Spinoza developed profound doubts regarding core tenets of Judaism, including the anthropomorphic nature of God, the personal immortality of the soul, and the eternal validity of Mosaic Law beyond its historical context.",15,https://philosophynow.org/issues/56/Spinoza_Cursed_be_he_by_day_and_cursed_be_he_by_night,,,none,NOT_CHECKED,-,outside priority set and not in the random sample,,,
C034,Early Life and Background > Entry into Family Business and Emerging Doubts,-,"These heterodox opinions, articulated in private conversations and possibly influenced by readings of Maimonides' Guide for the Perplexed, positioned Jewish scripture as accommodating rather than literally divine revelation.",16,https://www.commentary.org/articles/yirmiahu-yovel/why-spinoza-was-excommunicated/,,,none,NOT_CHECKED,-,outside priority set and not in the random sample,,,
C035,Early Life and Background > Entry into Family Business and Emerging Doubts,P,"Further fueling his skepticism, Spinoza studied Latin under Franciscus van den Enden, a former Jesuit and advocate of Cartesian philosophy, between approximately 1654 and 1656; van den Enden's freethinking circle exposed him to radical egalitarian and anti-clerical ideas that challenged rabbinic authority.",17 2,https://monoskop.org/Baruch_Spinoza ; https://www.tau.ac.il/~kasher/pspin.htm,,,read,SUPPORTED,-,Monoskop/Moreau: Van den Enden a former Jesuit and a Cartesian,,https://monoskop.org/Baruch_Spinoza,N
C036,Early Life and Background > Entry into Family Business and Emerging Doubts,-,"This engagement with modern rationalism intensified Spinoza's rejection of superstition in favor of a deterministic, substance-monist worldview, marking the onset of views later deemed heretical by community leaders.",15 2,https://philosophynow.org/issues/56/Spinoza_Cursed_be_he_by_day_and_cursed_be_he_by_night ; https://www.tau.ac.il/~kasher/pspin.htm,,,none,NOT_CHECKED,-,outside priority set and not in the random sample,,,
C037,Expulsion and Independent Development > Reasons for Excommunication from Jewish Community,P,"On 27 July 1656, the parnasim (lay leaders) of the Talmud Torah congregation in Amsterdam issued a cherem (ban of excommunication) against Baruch de Spinoza, then aged 23 or 24, permanently expelling him from the Portuguese-Jewish community.",3,https://www.neh.gov/article/why-spinoza-was-excommunicated,,,read,SUPPORTED,-,"NEH supports the date and the parnasim. ""Aged 23 or 24"" is imprecise: he was 23",Aged 23,https://www.neh.gov/article/why-spinoza-was-excommunicated,N
C038,Expulsion and Independent Development > Reasons for Excommunication from Jewish Community,P,"The decree, pronounced publicly in Hebrew and Portuguese during services, invoked curses from Deuteronomy and other biblical sources, declaring Spinoza accursed by day and night, and forbidding any Jewish contact with him under pain of similar excommunication.",18,https://capone.mtsu.edu/rbombard/RB/PDFs/Excommunication.pdf,,,read,UNSUPPORTED,-,"Only a Portuguese text of the herem survives, in the community's record book. ""Pronounced in Hebrew and Portuguese"" is not supported",Extant text is Portuguese (Livro dos Acordos da Nação),https://www.neh.gov/article/why-spinoza-was-excommunicated,Y
C039,Expulsion and Independent Development > Reasons for Excommunication from Jewish Community,P,"It accused him of holding and teaching ""abominable heresies"" and committing ""monstrous deeds,"" without specifying particulars, a vagueness typical of such communal edicts to emphasize severity while avoiding public scandal that could jeopardize the community's fragile tolerance in Calvinist Dutch society.",3 16,https://www.neh.gov/article/why-spinoza-was-excommunicated ; https://www.commentary.org/articles/yirmiahu-yovel/why-spinoza-was-excommunicated/,,,read,SUPPORTED,-,"NEH and ref 16 quote ""abominable heresies"" / ""monstrous deeds"" and note the vagueness",,https://www.neh.gov/article/why-spinoza-was-excommunicated,N
C040,Expulsion and Independent Development > Reasons for Excommunication from Jewish Community,-,"Contemporary accounts and later historical analysis suggest the primary triggers were Spinoza's expressed doubts about core Jewish doctrines, including the divine authorship of the Torah, the nature of prophecy, and the immortality of the soul—views that prefigured his mature philosophy but were already circulating in private discussions.",2,https://www.tau.ac.il/~kasher/pspin.htm,,,none,NOT_CHECKED,-,outside priority set and not in the random sample,,,
C041,Expulsion and Independent Development > Reasons for Excommunication from Jewish Community,P,"Spinoza had reportedly rejected rabbinic interpretations of Scripture, arguing it contained human elements rather than pure revelation, and questioned the eternity of the soul in ways echoing earlier heretics like Uriel da Costa, who faced similar expulsion in 1640 for denying personal immortality.",19 20,https://www.thetorah.com/article/spinoza-who-wrote-the-bible-determines-how-we-read-it ; https://academic.oup.com/book/2301/chapter/142428684,,,read,UNSUPPORTED,-,"Uriel da Costa was excommunicated in 1618 and 1623, readmitted, banned again, and died in 1640; there was no ""expulsion in 1640"". The rest is plausible",Da Costa bans 1618/1623; suicide 1640,https://plato.stanford.edu/entries/spinoza/,Y
C042,Expulsion and Independent Development > Reasons for Excommunication from Jewish Community,-,"His associations with radical Cartesians and freethinkers outside the community, including debates at the home of non-Jewish intellectuals, further alarmed leaders who feared his ideas could provoke gentile authorities to revoke Jewish privileges, especially amid recent Calvinist pressures on religious nonconformity.",21,https://www.stephenhicks.org/2017/05/14/why-spinoza-was-excommunicated/,,,none,NOT_CHECKED,-,outside priority set and not in the random sample,,,
C043,Expulsion and Independent Development > Reasons for Excommunication from Jewish Community,P,"A secondary factor was Spinoza's legal challenge to communal inheritance rules; after his father's death in 1654, he sought Dutch court intervention to claim his share, bypassing synagogue arbitration, which violated internal regulations and symbolized defiance of authority.",3,https://www.neh.gov/article/why-spinoza-was-excommunicated,,,read,UNSUPPORTED,-,"NEH: Spinoza had himself declared an orphan by Amsterdam authorities to escape his father's debts, not to claim an inheritance share",Orphan declaration (1656) to shed the estate's debts,https://www.neh.gov/article/why-spinoza-was-excommunicated,Y
C044,Expulsion and Independent Development > Reasons for Excommunication from Jewish Community,P,"The ma'amad's decision reflected the Portuguese Jews' precarious position as former conversos rebuilding orthodoxy after Iberian persecution; maintaining doctrinal unity was essential to affirm loyalty to Dutch hosts wary of ""Judaizing"" influences.",16,https://www.commentary.org/articles/yirmiahu-yovel/why-spinoza-was-excommunicated/,,,skim,SUPPORTED,-,Ref 16 discusses the community's converso background and need for orthodoxy,,https://www.neh.gov/article/why-spinoza-was-excommunicated,N
C045,Expulsion and Independent Development > Reasons for Excommunication from Jewish Community,P,"No primary document details the exact deliberations, but Spinoza's own later Tractatus Theologico-Politicus (1670) elaborates critiques of biblical literalism and miracles as natural events, supporting inferences that his pre-excommunication teachings aligned with these ""heresies.""",2,https://www.tau.ac.il/~kasher/pspin.htm,,,skim,SUPPORTED,-,Ref 2 (Kasher) discusses lack of documentation and the links to later TTP views,,https://www.tau.ac.il/~kasher/pspin.htm,N
C046,Expulsion and Independent Development > Reasons for Excommunication from Jewish Community,P,"Attempts by rabbis, including Saul Levi Morteira, to reclaim him through persuasion failed, indicating deeply entrenched heterodoxy rather than mere youthful rebellion.",3,https://www.neh.gov/article/why-spinoza-was-excommunicated,,,read,MISCITED,-,"NEH does not mention Morteira's attempts to reclaim him; the ""entrenched heterodoxy"" inference is the article's own (see fallacy F-02)","Persuasion attempts are reported in the cherem text itself (ref 18) and early biographies, without naming Morteira",https://capone.mtsu.edu/rbombard/RB/PDFs/Excommunication.pdf,N
C047,Expulsion and Independent Development > Reasons for Excommunication from Jewish Community,P,The cherem's extremity—more severe than da Costa's—underscores Spinoza's perceived threat as an intellectually formidable figure whose rationalism challenged the community's survival strategy of pious conformity.,22,https://www.jtsa.edu/torah/intra-jewish-censorship/,,,none,UNVERIFIABLE,-,Ref 22 is a webinar landing page with no supporting text. The comparison with da Costa's ban is interpretive,,,N
C048,Expulsion and Independent Development > Immediate Aftermath and Formation of Study Circle,P,"Following the issuance of the herem against him on July 27, 1656, Spinoza continued to reside in Amsterdam, severing formal ties with the Portuguese-Jewish community while maintaining some informal contacts initially.",23,https://academic.oup.com/book/46634/chapter/410072453,,,title,SUPPORTED,-,Ref 23 (Israel chapter abstract) on his Collegiant contacts after 1656,,https://academic.oup.com/,N
C049,Expulsion and Independent Development > Immediate Aftermath and Formation of Study Circle,P,"He faced social ostracism, as the ban prohibited Jews from communicating with him under penalty of excommunication, yet he avoided destitution through support from non-Jewish acquaintances formed during his mercantile days.",24,https://justinmurphy.studio/spinoza/,,,read,SUPPORTED,-,Ref 24 on ostracism and support from Collegiants and Mennonites,,https://justinmurphy.studio/spinoza/,N
C050,Expulsion and Independent Development > Immediate Aftermath and Formation of Study Circle,-,"These included affluent Mennonite or Collegiant merchants who shared interests in religious tolerance and rational inquiry, providing both intellectual companionship and financial aid amid his transition away from family business.",10,https://www.cambridge.org/core/books/cambridge-companion-to-spinoza/spinozas-life/BB01FADE7D59D6E2A767D8481F875D4A,,,none,NOT_CHECKED,-,outside priority set and not in the random sample,,,
C051,Expulsion and Independent Development > Immediate Aftermath and Formation of Study Circle,P,"This period marked the emergence of Spinoza's core study circle, comprising key figures such as Pieter Balling (d. 1664), Jarig Jelles (c. 1620–1683), and Simon Joosten de Vries (d. 1667), who engaged in philosophical discussions that shaped his early systematic thought.",23,https://academic.oup.com/book/46634/chapter/410072453,,,title,SUPPORTED,-,Ref 23 abstract names Balling and Jelles; the life dates are not in the abstract but are standard,,https://academic.oup.com/,N
C052,Expulsion and Independent Development > Immediate Aftermath and Formation of Study Circle,P,"Balling, a merchant and author of Het Licht op den Kandelaar (1662), drew on Spinozist ideas in exploring divine illumination and human understanding, reflecting the group's emphasis on inward spiritual experience over dogmatic authority.",25,https://spinozakringlier.weebly.com/collectie-mdj.html,,,read,SUPPORTED,-,"Ref 25: Het Licht op den Kandelaar, 1662",,https://spinozaweb.org/,N
C053,Expulsion and Independent Development > Immediate Aftermath and Formation of Study Circle,P,"Jelles, a wealthy ship-owner, later funded Spinoza's publications and contributed prefaces advocating geometric method in philosophy, while de Vries offered a substantial annuity—initially 2,000 guilders annually, negotiated down to 300 guilders plus a deathbed bequest—which ensured Spinoza's independence without full reliance on manual labor.",,,,,skim,UNCITED,-,"No citation. De Vries's 2,000 florins was a gift Spinoza refused; the annuity came later via his will (ref 24: 500 cut to 300/250). ""Wealthy ship-owner"" for Jelles is unverified (ref 17: he financed the PCP)",Colerus via ref 24,https://justinmurphy.studio/spinoza/,Y
C054,Expulsion and Independent Development > Immediate Aftermath and Formation of Study Circle,-,"The circle, influenced by Collegiant practices of unstructured Bible readings and rejection of clerical hierarchy, convened informally to debate Cartesianism, theology, and metaphysics, fostering Spinoza's development of monistic views away from traditional theism.",26,https://kvond.files.wordpress.com/2008/12/spinozas-life-and-works-by-w-n-a-klever5.pdf,,,none,NOT_CHECKED,-,outside priority set and not in the random sample,,,
C055,Expulsion and Independent Development > Immediate Aftermath and Formation of Study Circle,-,"Though exact meeting details remain sparse due to the era's discretion around heterodox gatherings, correspondence and later writings indicate the group's role in critiquing religious superstition and exploring a deterministic worldview, with Spinoza dictating early drafts like parts of the Short Treatise to them by the early 1660s.",27,https://philarchive.org/archive/RICSBA-2,,,none,NOT_CHECKED,-,outside priority set and not in the random sample,,,
C056,Expulsion and Independent Development > Immediate Aftermath and Formation of Study Circle,P,"This network provided a bulwark against isolation, enabling Spinoza to refine his ideas amid broader Dutch intellectual currents, including Remonstrant and Quaker influences, before relocating to Rijnsburg in 1661 with ongoing support from the same associates.",17,https://monoskop.org/Baruch_Spinoza,,,read,MISCITED,-,Ref 17 has nothing about Remonstrant or Quaker influences,,,N
C057,Expulsion and Independent Development > Lens-Grinding Profession and Financial Independence,P,"Following his excommunication from the Amsterdam Jewish community on July 27, 1656, Spinoza turned to lens-grinding as his principal means of livelihood, a trade he likely began cultivating in the preceding years amid growing estrangement from his family's import business.",11,https://iep.utm.edu/spinoza/,,,skim,SUPPORTED,-,IEP on lens-grinding as his livelihood,,https://iep.utm.edu/spinoza/,N
C058,Expulsion and Independent Development > Lens-Grinding Profession and Financial Independence,-,"This occupation involved meticulously grinding and polishing glass lenses for scientific instruments, including telescopes and microscopes, which were in demand during the era's burgeoning optical advancements.",28 29,https://jamanetwork.com/journals/jamaophthalmology/fullarticle/413771 ; https://louiseboscacci.net/wp-content/uploads/2016/01/1_louise_boscacci_spinoza_lens_maker_120915_boscaccipublications2015.pdf,,,none,NOT_CHECKED,-,outside priority set and not in the random sample,,,
C059,Expulsion and Independent Development > Lens-Grinding Profession and Financial Independence,P,"The work required precision, patience, and isolation, aligning with Spinoza's preference for contemplative independence over commercial or academic patronage.",28,https://jamanetwork.com/journals/jamaophthalmology/fullarticle/413771,,,skim,SUPPORTED,-,Ref 28 on the lens-grinding technique,,https://iep.utm.edu/spinoza/,N
C060,Expulsion and Independent Development > Lens-Grinding Profession and Financial Independence,-,"Spinoza's lenses gained a reputation for superior quality among contemporaries, such as instrument makers and natural philosophers, though he contributed no major theoretical innovations to optics beyond enthusiastic observation through the devices.",30,https://www.ajo.com/article/S0002-9394%2813%2900806-4/fulltext,,,none,NOT_CHECKED,-,outside priority set and not in the random sample,,,
C061,Expulsion and Independent Development > Lens-Grinding Profession and Financial Independence,P,"Operating from modest workshops in Amsterdam, Rijnsburg, Voorburg, and later The Hague, he produced components that supported empirical inquiries, including those by figures like Christiaan Huygens, while avoiding the vulnerabilities of reliance on wealthy benefactors.",31,https://kvond.wordpress.com/2008/07/15/did-the-huygenses-buy-spinozas-lens-polishing-technique/,,,skim,SUPPORTED,-,Ref 31 (kvond blog) on the Huygens brothers and Spinoza's lenses; low-grade source,,https://kvond.wordpress.com/2008/07/15/did-the-huygenses-buy-spinozas-lens-polishing-technique/,N
C062,Expulsion and Independent Development > Lens-Grinding Profession and Financial Independence,P,"This self-sufficiency was deliberate: Spinoza rejected a large annuity offered by admirer Simon de Vries around 1661, accepting only a smaller periodic sum to preserve his autonomy in philosophical pursuits.",32,https://academic.oup.com/book/32889/chapter/276470306,,,title,UNVERIFIABLE,-,Ref 32 is a paywalled OUP chapter (abstract only),"Colerus: de Vries offered 2,000 florins, which Spinoza refused. The annuity was from de Vries's will (500, reduced to 300 or 250) after his death in 1667, not ""around 1661"" (ref 24)",https://justinmurphy.studio/spinoza/,Y
C063,Expulsion and Independent Development > Lens-Grinding Profession and Financial Independence,S,"The profession yielded a modest income sufficient for lower-middle-class sustenance—covering rent, basic furnishings, and occasional aid to associates—without debt or ostentation, thus enabling Spinoza to prioritize intellectual labor over economic pressures.",24,https://justinmurphy.studio/spinoza/,,,read,SUPPORTED,-,Ref 24: modest means; the annuity negotiated down,,https://justinmurphy.studio/spinoza/,N
C064,Expulsion and Independent Development > Lens-Grinding Profession and Financial Independence,S,"Supplemented sparingly by gifts from a small circle of supporters, such as Pieter Serrurier, this arrangement underscored his commitment to unencumbered reasoning, free from institutional or donor influence.",33,https://www.thecollector.com/who-was-baruch-spinoza-philosopher/,,,read,MISCITED,-,"No ""Pieter Serrurier"" in ref 33. Probably a garbled Petrus Serrarius, who was a friend and go-between rather than a known patron","Petrus Serrarius (Collegiant millenarian, intermediary for letters)",https://academic.oup.com/,Y
C065,Expulsion and Independent Development > Lens-Grinding Profession and Financial Independence,P,"However, the inhalation of fine glass particles during grinding likely exacerbated his chronic respiratory ailments, contributing to his premature death in 1677.",34,https://www.wsj.com/articles/spinoza-a-heretical-and-modern-mind-11602283456,,,none,UNVERIFIABLE,-,"Ref 34 (WSJ) is paywalled (401). Glass dust making his lung disease worse is a common hypothesis, not established fact",,,N
C066,Mature Career and Residences > Rijnsburg Period and Early Writings,P,"In the summer of 1661, Spinoza relocated from Amsterdam to Rijnsburg, a village near Leiden known as a center for the Collegiant movement, to pursue uninterrupted philosophical study in a rural setting.",35,https://spinozaweb.org/locations/6,,,read,SUPPORTED,-,"Spinoza Web: move to Rijnsburg in 1661, Collegiant village",,https://spinozaweb.org/locations/6,N
C067,Mature Career and Residences > Rijnsburg Period and Early Writings,-,"He rented rooms in a recently constructed house owned by surgeon Herman Dircksz. Homan, located at what is now Spinozalaan 29.",35,https://spinozaweb.org/locations/6,,,none,NOT_CHECKED,-,outside priority set and not in the random sample,,,
C068,Mature Career and Residences > Rijnsburg Period and Early Writings,P,"This residence, spanning from before July 29, 1661, to late April or July 1663, provided Spinoza with the seclusion needed after his excommunication, while remaining proximate to Leiden's university resources.",11 35,https://iep.utm.edu/spinoza/ ; https://spinozaweb.org/locations/6,,,read,SUPPORTED,-,Spinoza Web: before 29 July 1661 to late April or July 1663,,https://spinozaweb.org/locations/6,N
C069,Mature Career and Residences > Rijnsburg Period and Early Writings,P,"To maintain financial independence, Spinoza continued lens grinding, producing optical instruments both for livelihood and scientific experimentation.",36,https://academic.oup.com/book/46634/chapter/410073059,,,title,UNVERIFIABLE,-,Ref 36 is an OUP table of contents (Israel 2023); body paywalled,,,N
C070,Mature Career and Residences > Rijnsburg Period and Early Writings,S,"Concurrently, he formed a small study circle, teaching Cartesian philosophy to students including Johannes Casearius, focusing on parts 2 and 3 of Descartes' Principles of Philosophy.",35,https://spinozaweb.org/locations/6,,,read,SUPPORTED,-,Spinoza Web: taught Casearius Parts 2–3 of Descartes' Principles,,https://spinozaweb.org/locations/6,N
C071,Mature Career and Residences > Rijnsburg Period and Early Writings,P,"This pedagogical activity culminated in Spinoza's 1663 publication of Renati Des Cartes Principiorum Philosophiae: Pars I & II, More Geometrico Demonstratae, a geometric exposition of Descartes' metaphysics and physics, appended with his own Cogitata Metaphysica drafted by July 1662.",35,https://spinozaweb.org/locations/6,,,read,SUPPORTED,-,Spinoza Web: PCP published in early August 1663,,https://spinozaweb.org/locations/6,N
C072,Mature Career and Residences > Rijnsburg Period and Early Writings,P,"During the Rijnsburg years, Spinoza advanced his independent philosophical system, drafting elements that prefigured the Ethics.",36,https://academic.oup.com/book/46634/chapter/410073059,,,title,UNVERIFIABLE,-,Ref 36 table of contents only,,,N
C073,Mature Career and Residences > Rijnsburg Period and Early Writings,P,"Key early writings from this formative phase include the unfinished Tractatus de Intellectus Emendatione, a methodological treatise on remedying the intellect begun in the late 1650s and likely refined here, emphasizing clear and distinct ideas over imagination or hearsay.",11,https://iep.utm.edu/spinoza/,,,skim,SUPPORTED,-,IEP on the TIE. Its date is disputed (Mignini dates it about 1656–58; the article implies Rijnsburg),Date disputed,https://iep.utm.edu/spinoza/,N
C074,Mature Career and Residences > Rijnsburg Period and Early Writings,P,"The Korte Verhandeling van God, de Mensch en deszelvs Welstand (Short Treatise on God, Man, and His Well-Being), outlining Spinoza's monistic ontology, attributes of God, and path to human beatitude through reason, was composed around this period and circulated in manuscript among associates like Simon Joosten de Vries and Lodewijk Meyer.",11 35,https://iep.utm.edu/spinoza/ ; https://spinozaweb.org/locations/6,,,skim,SUPPORTED,-,IEP and Spinoza Web on the Korte Verhandeling,,https://iep.utm.edu/spinoza/,N
C075,Mature Career and Residences > Rijnsburg Period and Early Writings,-,"These works rejected anthropomorphic theology and Cartesian dualism, positing a single substance—God or Nature—as the foundation of reality, ideas Spinoza presented orally to his circle before committing to Latin prose.",36,https://academic.oup.com/book/46634/chapter/410073059,,,none,NOT_CHECKED,-,outside priority set and not in the random sample,,,
C076,Mature Career and Residences > Rijnsburg Period and Early Writings,P,"Spinoza maintained scientific correspondences, exchanging 34 letters with Henry Oldenburg and discussing experiments with Robert Boyle via intermediary, reflecting his integration of empirical observation with rational deduction.",35,https://spinozaweb.org/locations/6,,,read,SUPPORTED,-,"Spinoza Web reports a different total, but the standard numbering has exactly 28 Spinoza–Oldenburg letters; 18 fall in 1661–65. This also corrects the article's C327 count.","Exactly 28 letters: Epp. 1–7, 11, 13, 14, 16, 25, 26, 29–33, 61, 62, 68, 71, 73–75, 77–79; 18 fall in 1661–65",https://www.earlymoderntexts.com/assets/pdfs/spinoza1661.pdf,Y
C077,Mature Career and Residences > Rijnsburg Period and Early Writings,S,"Associates such as Adriaan Koerbagh, Theodorus Kerckring, and Burchard de Volder frequented the area, fostering intellectual exchange amid Spinoza's cautious dissemination of heterodox views to avoid persecution.",35,https://spinozaweb.org/locations/6,,,read,SUPPORTED,-,"Spinoza Web names Koerbagh, Kerckring and De Volder",,https://spinozaweb.org/locations/6,N
C078,Mature Career and Residences > Voorburg and Publication of Key Works,P,"In 1663, Spinoza moved from Rijnsburg to Voorburg, a village southeast of The Hague, settling between late April and early August in the home of painter Daniel Harmensz Tydeman on Kerklaan.",37,https://spinozaweb.org/locations/7,,,read,SUPPORTED,-,"Spinoza Web: Voorburg, Tydeman, Kerklaan, 1663",,https://spinozaweb.org/locations/7,N
C079,Mature Career and Residences > Voorburg and Publication of Key Works,P,"The precise motivation for the relocation remains unclear, though it coincided with his ongoing need for seclusion to pursue independent scholarship amid growing intellectual isolation from Amsterdam's Jewish community.",11,https://iep.utm.edu/spinoza/,,,skim,SUPPORTED,-,IEP; motivation unclear,,https://iep.utm.edu/spinoza/,N
C080,Mature Career and Residences > Voorburg and Publication of Key Works,P,"He sustained himself through lens grinding, a craft he refined for producing optical instruments, while maintaining correspondence with European thinkers including Henry Oldenburg and Robert Boyle.",12,https://plato.stanford.edu/entries/spinoza/,,,skim,SUPPORTED,-,SEP on lens-grinding and correspondence,,https://plato.stanford.edu/entries/spinoza/,N
C081,Mature Career and Residences > Voorburg and Publication of Key Works,P,"Voorburg provided a modest, rural setting that allowed Spinoza to deepen his systematic philosophy without the disruptions of urban life; he resided there until late 1669 or early 1670.",38,https://workersliberty.org/story/2022-10-18/spinoza-rebels-life,,,none,UNVERIFIABLE,-,"Ref 38 (Workers' Liberty) shows a bot wall. ""Until late 1669"" fits Spinoza Web's window (Sep 1669 – Feb 1671)",,https://spinozaweb.org/locations/7,N
C082,Mature Career and Residences > Voorburg and Publication of Key Works,-,"During this period, he progressed on the Ethics, structuring it in geometric-demonstrative order akin to Euclid's Elements, though the work circulated only in manuscript among close associates and was withheld from print due to its radical monistic theology.",12,https://plato.stanford.edu/entries/spinoza/,,,none,NOT_CHECKED,-,outside priority set and not in the random sample,,,
C083,Mature Career and Residences > Voorburg and Publication of Key Works,P,"Prompted by friends seeking a defense of philosophical liberty against theological dogmatism, Spinoza composed the Tractatus Theologico-Politicus (Theological-Political Treatise), a critique of scriptural interpretation, prophetic authority, and clerical power that argued for the separation of faith from reason and state tolerance of diverse opinions.",11,https://iep.utm.edu/spinoza/,,,skim,SUPPORTED,-,IEP on the motives for the TTP,,https://iep.utm.edu/spinoza/,N
C084,Mature Career and Residences > Voorburg and Publication of Key Works,P,"The Tractatus appeared anonymously in 1670, falsely attributed to a Hamburg imprint but produced by Dutch printers to evade censorship; its 200-page Latin text immediately provoked outrage for allegedly undermining religion and sovereignty, leading to bans in the Netherlands by 1674.",39,https://www.newadvent.org/cathen/14217a.htm,,,read,SUPPORTED,-,"Partial support: ref 39 covers anonymous 1670 publication and later edicts. The false Hamburg imprint and the July 1674 Court of Holland ban are confirmed elsewhere; ""200-page"" was not verified","False imprint ""Hamburgi, Henricus Künraht""; banned by the Court of Holland in July 1674",https://www.mdpi.com/2409-9287/6/3/67,N
C085,Mature Career and Residences > Voorburg and Publication of Key Works,P,"Spinoza's Voorburg years thus marked a pivot from private exposition to public intervention, with the treatise's core thesis—that the Bible conveys moral truths accessible via historical-critical analysis rather than divine dictation—drawing on his earlier studies of Maimonides and Cartesian method while prioritizing causal explanations of belief formation over supernatural claims.",40,https://academic.oup.com/book/46634/chapter/410073711,,,title,UNVERIFIABLE,-,Ref 40 is an OUP table of contents only,,,N
C086,Mature Career and Residences > Voorburg and Publication of Key Works,P,"No other major works were published during this residence, but the Tractatus established Spinoza's reputation as a contentious advocate for intellectual freedom, influencing later Enlightenment debates despite efforts to suppress it.",38,https://workersliberty.org/story/2022-10-18/spinoza-rebels-life,,,none,UNVERIFIABLE,-,Ref 38 bot wall,,,N
C087,Mature Career and Residences > The Hague Years and Political Engagement,P,"In late 1669 or early 1670, Spinoza relocated from Voorburg to The Hague, the political heart of the Dutch Republic, initially renting rooms at Stille Veerkade no. 32 until early 1671, before moving to Paviljoensgracht nos. 72–74, where he resided until his death.",41 42,https://spinozaweb.org/locations/9 ; https://spinozaweb.org/locations/8,,,read,SUPPORTED,-,"Spinoza Web: Stille Veerkade (now no. 32), then Paviljoensgracht",,https://spinozaweb.org/locations/9,N
C088,Mature Career and Residences > The Hague Years and Political Engagement,P,"This move positioned him closer to governmental institutions and intellectual networks, facilitating greater involvement in political discourse amid tensions between the republican regime of Grand Pensionary Johan de Witt and monarchist Orangist factions.",43,https://www.historyofholland.com/spinoza.html,,,none,UNVERIFIABLE,-,Ref 43 page fetched with no usable text,,,N
C089,Mature Career and Residences > The Hague Years and Political Engagement,P,"Spinoza's Tractatus Theologico-Politicus (1670), published anonymously, advanced arguments for freedom of philosophizing as essential to political stability, critiquing clerical interference in state affairs and aligning implicitly with de Witt's policies of religious tolerance and republican governance.",44,https://oll.libertyfund.org/titles/elwes-the-chief-works-of-benedict-de-spinoza-vol-1,,,skim,SUPPORTED,-,Ref 44 is a catalogue record for the Elwes Chief Works. The claim matches the TTP Preface and ch. 20,,https://www.gutenberg.org/ebooks/989,N
C090,Mature Career and Residences > The Hague Years and Political Engagement,P,"The treatise provoked widespread condemnation from Reformed theologians, leading to bans in several Dutch provinces by 1674, yet it underscored Spinoza's view that democratic freedoms enhance rather than undermine sovereignty.",45,https://plato.stanford.edu/entries/spinoza-political/,,,skim,SUPPORTED,-,"SEP (political) on condemnations and democracy as ""most natural"" (TTP 16)",,https://plato.stanford.edu/entries/spinoza-political/,N
C091,Mature Career and Residences > The Hague Years and Political Engagement,P,"During the rampjaar of 1672, marked by French invasion and economic collapse, Spinoza expressed outrage at the August 20 lynching of de Witt and his brother Cornelis by an Orangist mob; he prepared a placard inscribed ""Ultimi barbarorum"" (""the vilest barbarians"") to affix near the murder site but was restrained by friends to avert personal danger.",46,https://www.newyorker.com/magazine/2024/02/12/baruch-spinoza-and-the-art-of-thinking-in-dangerous-times,,,read,SUPPORTED,-,"New Yorker: lynching of the de Witts and ""ultimi barbarorum""",,https://www.newyorker.com/magazine/2024/02/12/baruch-spinoza-and-the-art-of-thinking-in-dangerous-times,N
C092,Mature Career and Residences > The Hague Years and Political Engagement,P,"In response to the political upheavals, Spinoza composed the Tractatus Politicus, an unfinished work begun around 1675–1676 that systematically defends democracy as the regime most consonant with human equality and liberty, while analyzing monarchy and aristocracy as viable but inferior alternatives under specific conditions.",45,https://plato.stanford.edu/entries/spinoza-political/,,,skim,SUPPORTED,-,SEP covers the TP's content but gives no start date. The standard date is 1675/76,,https://plato.stanford.edu/entries/spinoza-political/,N
C093,Mature Career and Residences > The Hague Years and Political Engagement,-,"He argued that the state's primary aim is security through rational obedience, with supreme authority residing in the multitude's collective power, rejecting divine-right absolutism.",44,https://oll.libertyfund.org/titles/elwes-the-chief-works-of-benedict-de-spinoza-vol-1,,,none,NOT_CHECKED,-,outside priority set and not in the random sample,,,
C094,Mature Career and Residences > The Hague Years and Political Engagement,P,"In 1673, amid these writings, Spinoza declined an offer from Elector Palatine Charles Louis for a professorship of philosophy at Heidelberg University, citing concerns that public teaching might constrain his freedom of expression despite assurances of latitude short of disturbing public peace.",47,https://sacred-texts.com/phi/spinoza/corr/corr51.htm,,,read,SUPPORTED,-,"Fabritius's offer (Ep. 47) and Spinoza's refusal (Ep. 48), 1673",,https://sacred-texts.com/phi/spinoza/corr/,N
C095,Mature Career and Residences > The Hague Years and Political Engagement,-,"Spinoza's engagement remained primarily intellectual, eschewing direct office or partisanship, though rumors circulated of overtures from French occupiers in Utrecht that he reportedly rebuffed.",48,https://www.britannica.com/biography/Benedict-de-Spinoza/The-period-of-the-Ethics,,,none,NOT_CHECKED,-,outside priority set and not in the random sample,,,
C096,Mature Career and Residences > The Hague Years and Political Engagement,P,"His lens-grinding sustained financial independence, allowing focus on treatises that influenced later republican thought, emphasizing causal realism in politics: human passions must be channeled via institutions to foster mutual accommodation rather than suppressed through superstition or tyranny.",45,https://plato.stanford.edu/entries/spinoza-political/,,,skim,SUPPORTED,-,"SEP supports the factual part. The ""causal realism"" label is the article's framing (see F-06)",,https://plato.stanford.edu/entries/spinoza-political/,N
C097,Mature Career and Residences > Correspondence with Contemporaries,P,"Spinoza's surviving correspondence comprises 88 letters, with 50 authored by him and 38 addressed to him, spanning from 1661 to 1676 and primarily conducted in Latin.",,,,,read,UNCITED,-,88 letters is confirmed by EMLO (ref 49). The 50/38 split was not verified,,http://emlo-portal.bodleian.ox.ac.uk/collections/?catalogue=baruch-spinoza,N
C098,Mature Career and Residences > Correspondence with Contemporaries,P,"These exchanges involved Dutch associates such as Lodewijk Meyer, Jarig Jelles, and Simon de Vries, as well as foreign intellectuals including Henry Oldenburg, the secretary of the Royal Society of London, and the German polymath Gottfried Wilhelm Leibniz.",,,,,skim,UNCITED,-,Correspondent list is correct,,https://www.earlymoderntexts.com/assets/pdfs/spinoza1661.pdf,N
C099,Mature Career and Residences > Correspondence with Contemporaries,P,"The letters addressed philosophical disputes, scientific inquiries, and theological critiques, often clarifying Spinoza's doctrines from unpublished treatises like the Short Treatise on God, Man, and His Well-Being.",49 50,http://emlo-portal.bodleian.ox.ac.uk/collections/?catalogue=baruch-spinoza ; https://www.earlymoderntexts.com/assets/pdfs/spinoza1661.pdf,,,skim,SUPPORTED,-,EMLO and Bennett correspondence,,http://emlo-portal.bodleian.ox.ac.uk/collections/?catalogue=baruch-spinoza,N
C100,Mature Career and Residences > Correspondence with Contemporaries,P,"A significant portion involved Oldenburg, beginning in July 1661 when he requested explanations of Spinoza's metaphysics.",,,,,read,UNCITED,-,Oldenburg visited in July 1661; his first letter (Ep. 1) is dated 26 Aug 1661,"Ep. 1, 26 Aug 1661",https://www.earlymoderntexts.com/assets/pdfs/spinoza1661.pdf,N
C101,Mature Career and Residences > Correspondence with Contemporaries,P,"In Letter 32 (dated November 1665), Spinoza argued that every part of nature necessarily agrees with the whole, as all things follow from God's nature by eternal necessity, rejecting mechanistic alternatives like those of Descartes.",,,,,read,UNCITED,-,"Letter 32 (20 Nov 1665) is about parts agreeing with the whole (the worm in the blood), but Spinoza does not ""reject mechanistic alternatives like Descartes"". He says Descartes' rules of motion are false",Ep. 32,https://www.earlymoderntexts.com/assets/pdfs/spinoza1661.pdf,Y
C102,Mature Career and Residences > Correspondence with Contemporaries,P,"Oldenburg subsequently shared details of Christiaan Huygens's experiments on the sublimation of nitre, which Spinoza incorporated into Letter 73 (June 1666), affirming God as an immanent rather than transient cause of natural phenomena.",,,,,read,UNCITED,-,"The nitre experiments were Boyle's (Ep. 6, 1662), not Huygens'. Letter 73 is from late 1675, not June 1666. It does contain the immanent-cause passage","Boyle nitre: Epp. 6, 11, 13. Ep. 73: late 1675",https://www.earlymoderntexts.com/assets/pdfs/spinoza1661.pdf,Y
C103,Mature Career and Residences > Correspondence with Contemporaries,P,"These discussions highlighted Spinoza's integration of optical and physical insights from contemporaries, though Oldenburg expressed reservations about Spinoza's apparent atheism.",51 52 50,https://www.faculty.umb.edu/gary_zabel/Courses/Spinoza/Texts/Spinoza/let1532.htm ; https://faculty.umb.edu/gary_zabel/Courses/Spinoza/Texts/Spinoza/let2173.htm ; https://www.earlymoderntexts.com/assets/pdfs/spinoza1661.pdf,,,skim,SUPPORTED,-,Supported by ref 50 (Bennett correspondence). Refs 51 and 52 are dead (404),,https://www.earlymoderntexts.com/assets/pdfs/spinoza1661.pdf,N
C104,Mature Career and Residences > Correspondence with Contemporaries,P,"Spinoza's exchanges with Leibniz occurred late in his life, around 1676, when Leibniz sought clarification on concepts like infinite modes and the parallelism of thought and extension from the Ethics.",,,,,read,UNCITED,-,"Epp. 45–46 (Oct and Nov 1671) are the surviving Leibniz–Spinoza letters and concern optics. Leibniz sought the Ethics through Schuller in Nov 1675 (Epp. 70 and 72), and the 1676 contact was an in-person visit, so “around 1676” is not baseless.","Epp. 45–46 (Oct–Nov 1671); Ethics sought through Schuller in Nov 1675 (Epp. 70, 72); visit c. 18–21 Nov 1676",https://www.earlymoderntexts.com/assets/pdfs/spinoza1661.pdf,Y
C105,Mature Career and Residences > Correspondence with Contemporaries,P,"In Letter 69, Spinoza outlined how the infinite intellect comprehends God's attributes sub specie aeternitatis, influencing Leibniz's later formulations on substance and monads, though Leibniz ultimately rejected Spinoza's pantheism as deterministic excess.",50,https://www.earlymoderntexts.com/assets/pdfs/spinoza1661.pdf,,,read,UNSUPPORTED,-,"Ep. 69 is to Lambert van Velthuysen and dates from Sep–Nov 1675, not 1671; the 1671 Velthuysen items are Epp. 42–43. It is not a Leibniz letter and does not make the article’s claim.","Ep. 69 to van Velthuysen, Sep–Nov 1675; the 1671 Velthuysen items are Epp. 42–43. Leibniz–Spinoza letters are Epp. 45–46 (1671, optics)",https://www.earlymoderntexts.com/assets/pdfs/spinoza1661.pdf,Y
C106,Mature Career and Residences > Correspondence with Contemporaries,P,"Theological debates featured prominently with Willem van Blyenbergh, a Dutch merchant, who from December 1664 questioned Spinoza's denial of divine anthropomorphism and final causes in the Short Treatise.",,,,,read,UNCITED,-,"Blyenbergh (from 12 Dec 1664) questioned the PCP and its appendix (Cogitata Metaphysica), not the Short Treatise",Ep. 18 on the PCP/CM,https://www.earlymoderntexts.com/assets/pdfs/spinoza1661.pdf,Y
C107,Mature Career and Residences > Correspondence with Contemporaries,P,"Spinoza replied in Letters 27–29, insisting that evil arises from privation rather than positive entity and that human actions follow from God's absolute nature without teleology.",,,,,read,UNCITED,-,"The replies to Blyenbergh are Epp. 19 (5 Jan 1665), 21 (28 Jan), 23 (13 Mar) and 27 (3 Jun); Ep. 28 is to Bouwmeester and Ep. 29 is from Oldenburg.","Epp. 19 (5 Jan 1665), 21 (28 Jan), 23 (13 Mar) and 27 (3 Jun 1665)",https://www.earlymoderntexts.com/assets/pdfs/spinoza1661.pdf,Y
C108,Mature Career and Residences > Correspondence with Contemporaries,P,"By Letter 38 (March 1665), Spinoza curtailed the dialogue, citing irreconcilable premises rooted in scriptural literalism versus geometric reasoning.",53,https://newt.to/benedict.spinoza/mgaUl6Q4Rv/qzVrilfiG8,,,read,UNSUPPORTED,-,The Blyenbergh correspondence ended with Ep. 27 on 3 June 1665. “Letter 38” is the old Elwes numbering for Ep. 27 (ref 53’s title: “LETTER XXXVIII (XXVII)”); the article’s March date is wrong. Ref 53 is a soft-404.,"Ep. 27, 3 June 1665; old Letter 38 numbering confirmed",https://www.earlymoderntexts.com/assets/pdfs/spinoza1661.pdf,Y
C109,Mature Career and Residences > Correspondence with Contemporaries,P,"In 1674, Hugo Boxel initiated correspondence defending apparitions and ghosts, referencing classical sources like Pliny and Suetonius as evidence.",,,,,read,UNCITED,-,"Boxel 1674 (Ep. 51ff), citing ancient authorities. Correct",,https://sacred-texts.com/phi/spinoza/corr/,N
C110,Mature Career and Residences > Correspondence with Contemporaries,P,"Spinoza countered in Letters 56–58 that such reports stem from confused imagination and prejudice, not supernatural intervention, as adequate knowledge precludes credulity in phantoms; he urged reliance on clear ideas over anecdotal testimony.",,,,,read,UNCITED,-,"The Boxel exchange is Epp. 51–56 (Sep–Nov 1674), with Spinoza’s replies in 52, 54 and 56. Ep. 57 is from Tschirnhaus, and Ep. 58 is via Schuller.","Epp. 52, 54, 56 (Spinoza to Boxel); Tschirnhaus correspondence: direct Epp. 57, 59, 60, 65, 66, 80–83, and via Schuller Epp. 58, 63, 64, 70, 72",https://www.earlymoderntexts.com/assets/pdfs/spinoza1661.pdf,Y
C111,Mature Career and Residences > Correspondence with Contemporaries,S,These letters exemplify Spinoza's critique of superstition as a barrier to rational understanding.,54 50,https://sacred-texts.com/phi/spinoza/corr/corr53.htm ; https://www.earlymoderntexts.com/assets/pdfs/spinoza1661.pdf,,,skim,SUPPORTED,-,Boxel letters (sacred-texts) and Bennett,,https://sacred-texts.com/phi/spinoza/corr/corr53.htm,N
C112,Mature Career and Residences > Correspondence with Contemporaries,P,"Later letters with mathematicians like Ehrenfried Walther von Tschirnhaus (e.g., Letters 81–82, 1676) probed the Ethics' geometric method and proofs of God's existence, with Tschirnhaus pressing for demonstrations of thought's independence from extension, to which Spinoza responded that finite minds express infinite substance adequately only intuitively.",,,,,read,UNCITED,-,"The direct Tschirnhaus letters are Epp. 57, 59, 60, 65, 66 and 80–83; letters via Schuller are Epp. 58, 63, 64, 70 and 72. The article’s topics fit Epp. 59–60 and 63–66 better than Epp. 81–82, which concern deriving bodies from extension.","Tschirnhaus direct: Epp. 57, 59, 60, 65, 66, 80–83; via Schuller: Epp. 58, 63, 64, 70, 72. Epp. 81–82 concern deriving bodies from extension",https://www.earlymoderntexts.com/assets/pdfs/spinoza1661.pdf,Y
C113,Mature Career and Residences > Correspondence with Contemporaries,-,Such exchanges underscore Spinoza's reluctance to publish unfinished works and his preference for private elucidation over public controversy.,55,https://sacred-texts.com/phi/spinoza/corr/index.htm,,,none,NOT_CHECKED,-,outside priority set and not in the random sample,,,
C114,"Mature Career and Residences > Final Years, Illness, and Death",P,"In May 1670, Spinoza established permanent residence in The Hague, renting rooms where he continued lens-grinding for income while dedicating time to philosophical composition and correspondence with European intellectuals.",11,https://iep.utm.edu/spinoza/,,,skim,MISCITED,-,"IEP says only 1670; ""May 1670"" is not in the source. Spinoza Web gives the move as between Sep 1669 and Feb 1671",Moved to The Hague between late 1669 and early Feb 1671,https://spinozaweb.org/locations/9,Y
C115,"Mature Career and Residences > Final Years, Illness, and Death",P,"During this period, he advanced work on his Tractatus Politicus, an unfinished treatise examining political structures and governance, which was published posthumously by his associates.",12,https://plato.stanford.edu/entries/spinoza/,,,skim,SUPPORTED,-,SEP on the TP,,https://plato.stanford.edu/entries/spinoza/,N
C116,"Mature Career and Residences > Final Years, Illness, and Death",P,"He engaged in scientific discourse, including critiques of Robert Boyle's experiments shared through contacts in the Royal Society, reflecting his ongoing interest in natural philosophy.",56,https://api.pageplace.de/preview/DT0400.9780429615344_A37370821/preview-9780429615344_A37370821.pdf,,,skim,SUPPORTED,-,"Ref 56 on Oldenburg, Boyle and the Royal Society",,https://www.earlymoderntexts.com/assets/pdfs/spinoza1661.pdf,N
C117,"Mature Career and Residences > Final Years, Illness, and Death",P,"Spinoza's respiratory health, undermined over two decades by chronic phthisis (tuberculosis) and likely worsened by prolonged inhalation of fine glass particles from lens polishing, began a marked decline in 1676.",57 58,https://kvond.wordpress.com/2008/09/05/spinoza-and-tuberculosis-disease-and-devotion/ ; https://euppublishingblog.com/2018/11/11/5-things-you-never-knew-about-spinoza/,,,read,SUPPORTED,-,Ref 57 on tuberculosis. The glass-dust link is a hypothesis,,https://spinozaweb.org/,N
C118,"Mature Career and Residences > Final Years, Illness, and Death",P,"He succumbed to this pulmonary ailment on 21 February 1677, at age 44, in his lodgings, attended by his physician friend Georg Hermann Schuller.",8 17,https://www.jewishencyclopedia.com/articles/13964-Spinoza-baruch-benedict-de-spinoza ; https://monoskop.org/Baruch_Spinoza,,,read,UNSUPPORTED,-,"The physician is contested. Colerus gives only “L.M.”; W. Meijer (1897) and Steenbakkers (1994) argue for Schuller, while other early evidence points to Meyer. Do not attribute a position to Nadler.",Contested: Colerus gives only “L.M.”; W. Meijer (1897) and Steenbakkers (1994) argue for Schuller; early evidence points to Meyer,https://www.jewishencyclopedia.com/articles/13964-Spinoza-baruch-benedict-de-spinoza,Y
C119,"Mature Career and Residences > Final Years, Illness, and Death",P,"Without a will, Spinoza's unpublished manuscripts passed to friends, including Lodewijk Meyer, who oversaw the release of remaining works.",11,https://iep.utm.edu/spinoza/,,,skim,MISCITED,-,IEP mentions Meyer only for the 1663 PCP preface; it does not say he oversaw the posthumous release,"The Opera Posthuma was prepared by a group (Jelles, Meyer, Rieuwertsz, Schuller, Bouwmeester)",https://iep.utm.edu/spinoza/,N
C120,"Mature Career and Residences > Final Years, Illness, and Death",P,"He was interred on 25 February 1677 in a rented vault within the Nieuwe Kerk in The Hague, near the tomb of Grotius.",49,http://emlo-portal.bodleian.ox.ac.uk/collections/?catalogue=baruch-spinoza,,,read,UNSUPPORTED,-,"Spinoza was buried on 25 February 1677 in rented vault no. 162 in the Nieuwe Kerk, The Hague, a shared grave near de Witt’s grave no. 77. The vault was cleared in 1738; the present stone is a 1927 memorial. Grotius is buried in Delft.","Nieuwe Kerk shared grave: rented vault no. 162, 25 Feb 1677, near Johan de Witt’s grave no. 77; vault cleared 1738, present stone 1927; Grotius is in Delft",https://www.spinozaweb.org/locations/156,Y
C121,Metaphysical Foundations > Substance Monism and the Concept of God or Nature,P,"Spinoza defines substance in his Ethics (Part I, Definition 3) as ""that which is in itself, and is conceived through itself: in other words, that of which a conception can be formed independently of any other conception.""",59,https://iep.utm.edu/spinoz-m/,,,primary,SUPPORTED,-,E1D3 matches Elwes verbatim,,https://www.gutenberg.org/ebooks/3800,N
C122,Metaphysical Foundations > Substance Monism and the Concept of God or Nature,P,"This entity requires no external cause for its existence or intelligibility, distinguishing it from modes, which are modifications or affections dependent on substance for both conception and being.",12,https://plato.stanford.edu/entries/spinoza/,,,skim,SUPPORTED,-,"SEP on substance vs modes (E1D3, E1D5)",,https://plato.stanford.edu/entries/spinoza/,N
C123,Metaphysical Foundations > Substance Monism and the Concept of God or Nature,P,"Spinoza argues deductively that only one such substance can exist, as multiple substances sharing an attribute would limit each other, contradicting the infinitude inherent to substance by definition (Ethics I, Definition 6: substance is ""absolutely infinite"").",59,https://iep.utm.edu/spinoz-m/,,,primary,MISCITED,-,"E1D6 defines God, not substance in general. The argument uses E1P5 (no shared attributes), E1P8 (every substance necessarily infinite) and E1P14 (only one substance). “Absolutely infinite” appears in E1D6, but applies to God; the error is applying it to substance in general.","E1P5, E1P8 and E1P14; E1D6’s “absolutely infinite” applies to God, not substance in general",https://www.gutenberg.org/ebooks/3800,Y
C124,Metaphysical Foundations > Substance Monism and the Concept of God or Nature,P,"Proposition 14 of Part I asserts: ""Except God, no substance can be granted or conceived,"" since any posited second substance would either share an attribute (impossible without mutual limitation) or possess entirely distinct attributes (rendering mutual conception impossible).",60,https://plato.stanford.edu/entries/spinoza-physics/,,,primary,SUPPORTED,-,"The reference E1P14 is correct. The quote mixes Elwes (""Besides God no substance can be granted or conceived"") and Curley (""Except God, no substance can be or be conceived"")",Quote one translation exactly,https://www.gutenberg.org/ebooks/3800,N
C125,Metaphysical Foundations > Substance Monism and the Concept of God or Nature,S,"This singular substance Spinoza identifies as God or Nature (Deus sive Natura), terms used interchangeably to denote the self-caused, infinite reality encompassing all that exists.",59,https://iep.utm.edu/spinoz-m/,,,skim,SUPPORTED,-,IEP; Deus sive Natura (E4 Preface),,https://iep.utm.edu/spinoz-m/,N
C126,Metaphysical Foundations > Substance Monism and the Concept of God or Nature,P,"In Definition 6 of Ethics Part I, God is ""a being absolutely infinite—that is, a substance consisting in infinite attributes, each of which expresses eternal and infinite essentiality.""",12,https://plato.stanford.edu/entries/spinoza/,,,primary,SUPPORTED,-,E1D6 matches; SEP quotes it,,https://plato.stanford.edu/entries/spinoza/,N
C127,Metaphysical Foundations > Substance Monism and the Concept of God or Nature,P,"Unlike traditional theistic conceptions of a transcendent, personal creator, Spinoza's God lacks will, intellect directed toward ends, or capacity for miracles, operating instead through necessity alone (Ethics I, Appendix).",12,https://plato.stanford.edu/entries/spinoza/,,,skim,SUPPORTED,-,"SEP on God without will, purposes or miracles (E1 Appendix)",,https://plato.stanford.edu/entries/spinoza/,N
C128,Metaphysical Foundations > Substance Monism and the Concept of God or Nature,-,"Nature divides into natura naturans (nature naturing), the active, productive essence of substance expressed through its attributes, and natura naturata (nature natured), the passive totality of modes following necessarily from that essence.",,,,,script,UNCITED,-,no citation; a later sentence in the same paragraph cites 59 61,,,
C129,Metaphysical Foundations > Substance Monism and the Concept of God or Nature,-,"Scholars compare natura naturans, as the self-causing active nature/God, to the Daoist concept of ziran (自然而然, spontaneity or self-so), both denoting self-generating processes without external purpose.",,,,,script,UNCITED,-,no citation; a later sentence in the same paragraph cites 59 61,,,
C130,Metaphysical Foundations > Substance Monism and the Concept of God or Nature,S,"Spinoza rejects teleology: change in natura naturata (modes/existence) is necessary and deterministic, without purpose, akin to the purposeless spontaneous transformations in Daoist ziran.",59 61,https://iep.utm.edu/spinoz-m/ ; https://ncfbusinesssolutions.files.wordpress.com/2015/06/comparative-philosophy-sample.pdf,,,read,SUPPORTED,-,"The rejection of teleology matches IEP (E1 Appendix). The Daoist ziran comparison rests on ref 61, an undergraduate ""comparative philosophy sample"" essay on a business-services WordPress site (low-grade source)",,https://iep.utm.edu/spinoz-m/,N
C131,Metaphysical Foundations > Substance Monism and the Concept of God or Nature,S,"All particular things—bodies, minds, events—are thus finite modes of this one substance, not separate entities but modifications thereof, precluding dualistic or pluralistic ontologies.",60,https://plato.stanford.edu/entries/spinoza-physics/,,,skim,SUPPORTED,-,"Ref 60 on finite modes (E1P15, E1P25C)",,https://iep.utm.edu/spinoz-m/,N
C132,Metaphysical Foundations > Substance Monism and the Concept of God or Nature,P,"Spinoza's substance monism underscores the immanence of God or Nature, wherein the divine substance inheres actively within all modes as their immanent cause, rather than existing as a transcendent entity apart from the world; finite things thus arise as inherent modifications of the infinite substance itself.",12,https://plato.stanford.edu/entries/spinoza/,,,skim,SUPPORTED,-,SEP on the immanent cause (E1P18),,https://plato.stanford.edu/entries/spinoza/,N
C133,Metaphysical Foundations > Substance Monism and the Concept of God or Nature,P,"Spinoza's monism rejects final causes, insisting that ""nature has no end set before it, and ... all final causes are nothing but human fictions"" (Ethics I, Appendix), as the order of nature arises from the eternal necessity of substance's attributes rather than teleological design.",12,https://plato.stanford.edu/entries/spinoza/,,,primary,SUPPORTED,-,E1 Appendix quote matches Curley,,https://www.gutenberg.org/ebooks/3800,N
C134,Metaphysical Foundations > Substance Monism and the Concept of God or Nature,P,"This framework implies determinism: every mode follows with mathematical certainty from God's nature, akin to theorems from axioms in geometry (Ethics I, Proposition 29).",59,https://iep.utm.edu/spinoz-m/,,,primary,SUPPORTED,-,E1P29 (and E1P33) on necessity,,https://www.gutenberg.org/ebooks/3800,N
C135,Metaphysical Foundations > Substance Monism and the Concept of God or Nature,-,"Scholarly interpretations often classify this as a form of pantheism, where God is immanent in all things yet not reducible to them, though Spinoza avoids equating substance solely with the visible universe, emphasizing its infinite, unknowable attributes beyond human perception of extension and thought.",12,https://plato.stanford.edu/entries/spinoza/,,,none,NOT_CHECKED,-,outside priority set and not in the random sample,,,
C136,Metaphysical Foundations > Substance Monism and the Concept of God or Nature,P,"Critics of anthropomorphic religion, including Spinoza himself in the Theological-Political Treatise (1670), viewed traditional God-concepts as superstitious projections, privileging instead this impersonal, self-subsistent totality.",12,https://plato.stanford.edu/entries/spinoza/,,,skim,SUPPORTED,-,SEP on the TTP critique of superstition,,https://plato.stanford.edu/entries/spinoza/,N
C137,"Metaphysical Foundations > Attributes, Modes, and Infinite Extension",P,"Spinoza defines an attribute as ""that which the intellect perceives of substance, as constituting its essence.""",,,,,primary,UNCITED,-,E1D4 (no locator given). The quote mixes Elwes and Curley wording,E1D4,https://www.gutenberg.org/ebooks/3800,N
C138,"Metaphysical Foundations > Attributes, Modes, and Infinite Extension",S,"The singular substance, identified as God or Nature, consists of infinitely many attributes, each expressing an eternal and infinite aspect of its essence.",62,https://www.marxists.org/reference/subject/philosophy/works/ne/ethics.htm,,,primary,SUPPORTED,-,E1D6,,https://www.gutenberg.org/ebooks/3800,N
C139,"Metaphysical Foundations > Attributes, Modes, and Infinite Extension",-,"Although infinite in number, Spinoza demonstrates the system primarily through two attributes accessible to human understanding: thought, under which modes are ideas; and extension, under which modes are bodies or spatial modifications.",,,,,script,UNCITED,-,no citation anywhere later in its paragraph,,,
C140,"Metaphysical Foundations > Attributes, Modes, and Infinite Extension",P,"Modes, by contrast, are defined as ""the affections of a substance, or that which exists in another through which it is also conceived.""",62,https://www.marxists.org/reference/subject/philosophy/works/ne/ethics.htm,,,primary,SUPPORTED,-,"E1D5 (Curley ""is in another""; article has ""exists in another"", a minor variant)",,https://www.gutenberg.org/ebooks/3800,N
C141,"Metaphysical Foundations > Attributes, Modes, and Infinite Extension",-,All particular things—finite or infinite—exist as modes inhering in the one substance and conceived through one of its attributes.,,,,,script,UNCITED,-,no citation; a later sentence in the same paragraph cites 62,,,
C142,"Metaphysical Foundations > Attributes, Modes, and Infinite Extension",-,"Finite modes, such as individual human bodies, arise through causal interactions among other modes within a given attribute; infinite modes, however, follow directly and eternally from the substance's nature, expressing its power in unending ways.",,,,,script,UNCITED,-,no citation; a later sentence in the same paragraph cites 62,,,
C143,"Metaphysical Foundations > Attributes, Modes, and Infinite Extension",P,"Spinoza demonstrates that infinitely many modes flow from any attribute, as the substance's productive necessity yields infinite effects (Ethics I, p16).",62,https://www.marxists.org/reference/subject/philosophy/works/ne/ethics.htm,,,primary,SUPPORTED,-,E1P16,,https://www.gutenberg.org/ebooks/3800,N
C144,"Metaphysical Foundations > Attributes, Modes, and Infinite Extension",P,"Under the attribute of extension, Spinoza identifies extension itself as an infinite attribute of God, such that ""extension is an attribute of God, or God is an extended thing"" (Ethics II, p2).",,,,,primary,UNCITED,-,E2P2 quote is correct (Curley),E2P2,https://www.gutenberg.org/ebooks/3800,N
C145,"Metaphysical Foundations > Attributes, Modes, and Infinite Extension",-,"This entails an immediate infinite mode of extension, often interpreted as the universal laws of motion and rest governing all extended bodies, encompassing the totality of spatial reality without division or limitation.",63,https://quod.lib.umich.edu/cgi/p/pod/dod-idx/spinoza-on-extension.pdf?c=phimp;idno=3521354.0015.014;format=pdf,,,none,NOT_CHECKED,-,outside priority set and not in the random sample,,,
C146,"Metaphysical Foundations > Attributes, Modes, and Infinite Extension",-,"Finite extended modes, like particular objects, participate in this infinite extension but depend on it for their existence and conceivability, preserving the unity of substance across all modifications.",,,,,script,UNCITED,-,no citation anywhere later in its paragraph,,,
C147,Metaphysical Foundations > Critique of Cartesian Dualism,P,"Spinoza's Renati des Cartes Principiorum Philosophiae Pars I & II, More Geometrico Demonstratae (1663), commonly known as the Principles of Cartesian Philosophy, served as both an exposition and a critique of Descartes' metaphysics, including his substance dualism.",,,,,skim,UNCITED,-,PCP 1663. Correct,,https://spinozaweb.org/locations/6,N
C148,Metaphysical Foundations > Critique of Cartesian Dualism,P,"In this work, Spinoza adopts Descartes' definitions of substance, attribute, and mode but demonstrates their implications geometrically, revealing inconsistencies in positing mind as a thinking substance and body as an extended substance.",,,,,skim,UNCITED,-,Interpretive; plausible,,,N
C149,Metaphysical Foundations > Critique of Cartesian Dualism,P,"He argues that Descartes' dualism fails to adequately explain the union of mind and body, as separate substances with distinct principal attributes—thought for mind and extension for body—cannot causally interact without violating the independence inherent to substances.",60 64,https://plato.stanford.edu/entries/spinoza-physics/ ; https://www.cambridge.org/core/books/cambridge-companion-to-descartes-meditations/descartes-dualism-and-its-relation-to-spinozas-metaphysics/22A4E6AF3C9145AA35D16FA4473B3334,,,skim,SUPPORTED,-,Ref 60 on Descartes' interactionism,,https://iep.utm.edu/spinoz-m/,N
C150,Metaphysical Foundations > Critique of Cartesian Dualism,P,"In his mature Ethics (published posthumously in 1677), Spinoza systematically rejects Cartesian dualism through substance monism, asserting that only one infinite substance exists, which he equates with God or Nature (Deus sive Natura).",,,,,skim,UNCITED,-,Correct (E1P14),,https://www.gutenberg.org/ebooks/3800,N
C151,Metaphysical Foundations > Critique of Cartesian Dualism,-,"This substance possesses infinite attributes, including thought and extension, which are not separate substances but parallel expressions of the same reality.",,,,,script,UNCITED,-,no citation; a later sentence in the same paragraph cites 12 65 66,,,
C152,Metaphysical Foundations > Critique of Cartesian Dualism,P,"Spinoza critiques Descartes' acceptance of multiple finite substances alongside God, contending that such a view equivocates on the concept of substance: true substance must be self-caused and independent (causa sui), allowing no room for plural, created substances dependent on a divine creator.",,,,,skim,UNCITED,-,"Plausible (E1P5–8, E1P10S)",,,N
C153,Metaphysical Foundations > Critique of Cartesian Dualism,-,"By contrast, Descartes' finite minds and bodies require divine intervention for their existence and interaction, undermining the self-sufficiency of substance.",12 65 66,https://plato.stanford.edu/entries/spinoza/ ; https://philarchive.org/archive/VANTPI-15 ; https://www.rochester.edu/college/faculty/alisonpeterman/Embodiment.pdf,,,none,NOT_CHECKED,-,outside priority set and not in the random sample,,,
C154,Metaphysical Foundations > Critique of Cartesian Dualism,-,"A core flaw Spinoza identifies in dualism is the mind-body interaction problem: if mind and body are ontologically distinct, their causal relations—such as volitions causing motions—become inexplicable without positing an arbitrary divine concurrence or a problematic union, as Descartes attempted via the pineal gland.",,,,,script,UNCITED,-,no citation; a later sentence in the same paragraph cites 67 64 65,,,
C155,Metaphysical Foundations > Critique of Cartesian Dualism,P,"Spinoza resolves this via the doctrine of parallelism (Ethics 2p7), where mental events and physical events are not causally interactive but numerically identical modes under different attributes; the order and connection of ideas in the mind mirrors that of bodies in extension, determined by the necessity of the divine nature alone.",,,,,primary,UNCITED,-,"E2P7 correctly cited here. ""Numerically identical"" is an interpretation (E2P7S: ""one and the same thing"")","E2P7, E2P7S",https://www.gutenberg.org/ebooks/3800,N
C156,Metaphysical Foundations > Critique of Cartesian Dualism,-,"This parallelism preserves causal closure within each attribute while avoiding dualism's explanatory gaps, as both mind and body follow from the eternal essence of the single substance.",67 64 65,https://www.thecollector.com/spinoza-mind-body-problem/ ; https://www.cambridge.org/core/books/cambridge-companion-to-descartes-meditations/descartes-dualism-and-its-relation-to-spinozas-metaphysics/22A4E6AF3C9145AA35D16FA4473B3334 ; https://philarchive.org/archive/VANTPI-15,,,none,NOT_CHECKED,-,outside priority set and not in the random sample,,,
C157,Metaphysical Foundations > Critique of Cartesian Dualism,-,Spinoza further argues that Descartes' criterion for distinguishing substances—mutual inconceivability—erroneously infers ontological separation from conceptual distinction.,,,,,script,UNCITED,-,no citation; a later sentence in the same paragraph cites 65 68 12,,,
C158,Metaphysical Foundations > Critique of Cartesian Dualism,P,"While thought and extension are indeed conceived through themselves (Ethics 1d4, 1d5), this does not entail separate substances, as attributes can inhere in one underlying substance comprehensible only sub specie aeternitatis.",,,,,primary,UNCITED,-,"E1D4, which defines attribute, is a fair supporting citation, and “conceived through itself” is E1P10. Only E1D5 is wrong: it defines mode. The claim is therefore half right.",Half right: E1D4 supports the attribute definition; “conceived through itself” is E1P10; E1D5 defines mode,https://www.gutenberg.org/ebooks/3800,Y
C159,Metaphysical Foundations > Critique of Cartesian Dualism,-,"Descartes' dualism thus fragments reality into competing finite entities, incompatible with the infinite, necessary nature of existence, whereas Spinoza's monism unifies all phenomena under deterministic necessity, eliminating arbitrary divine will and substance plurality.",65 68 12,https://philarchive.org/archive/VANTPI-15 ; https://works.hcommons.org/records/bzknm-1ea67/files/06-long-rhetoric-of-geometrical-method.pdf ; https://plato.stanford.edu/entries/spinoza/,,,none,NOT_CHECKED,-,outside priority set and not in the random sample,,,
C160,Epistemology and Human Knowledge > Three Kinds of Knowledge,P,"In Ethics Part II, Proposition 40, Scholium 2, Spinoza classifies human cognition into three distinct kinds, ordered by increasing adequacy and certainty: the knowledge of imagination, the knowledge of reason, and intuitive knowledge.",69,https://plato.stanford.edu/entries/spinoza-epistemology-mind/,,,primary,SUPPORTED,-,E2P40S2 (three kinds of knowledge),,https://www.gutenberg.org/ebooks/3800,N
C161,Epistemology and Human Knowledge > Three Kinds of Knowledge,-,"This division arises from his analysis of how ideas form in the mind as modes of thought corresponding to bodily affections, with adequacy determined by whether an idea involves only the object's essence or extraneous factors.",70,https://iep.utm.edu/spino-ep/,,,none,NOT_CHECKED,-,outside priority set and not in the random sample,,,
C162,Epistemology and Human Knowledge > Three Kinds of Knowledge,-,"The first two kinds predominate in ordinary human experience and often yield inadequate ideas susceptible to error, while the third represents the pinnacle of intellectual perfection, enabling direct comprehension of things sub specie aeternitatis (under the aspect of eternity).",71,https://www.faculty.umb.edu/gary_zabel/Courses/Spinoza/Texts/Spinoza/e2e.htm,,,none,NOT_CHECKED,-,outside priority set and not in the random sample,,,
C163,Epistemology and Human Knowledge > Three Kinds of Knowledge,P,"The first kind of knowledge, derived from ""vague or random experience"" (vaga experientia) or from signs such as words and images, constitutes the realm of imagination and opinion.",71,https://www.faculty.umb.edu/gary_zabel/Courses/Spinoza/Texts/Spinoza/e2e.htm,,,primary,UNVERIFIABLE,-,"Ref 71 is dead (404). The content is correct: E2P40S2, ""random experience"" (experientia vaga) and signs",,https://www.gutenberg.org/ebooks/3800,N
C164,Epistemology and Human Knowledge > Three Kinds of Knowledge,P,"It arises passively from sensory perceptions and memory, producing ideas that reflect singular, contingent bodily encounters rather than essences; these ideas are mutilated, confused, and dependent on external causes, rendering them unreliable and prone to falsity.",69,https://plato.stanford.edu/entries/spinoza-epistemology-mind/,,,skim,SUPPORTED,-,SEP (mind) on mutilated and confused ideas (E2P29C),,https://plato.stanford.edu/entries/spinoza-psychological/,N
C165,Epistemology and Human Knowledge > Three Kinds of Knowledge,-,"For instance, one might form a notion of a horse from repeated sightings without grasping its necessary properties, leading to variable and inadequate representations.",70,https://iep.utm.edu/spino-ep/,,,none,NOT_CHECKED,-,outside priority set and not in the random sample,,,
C166,Epistemology and Human Knowledge > Three Kinds of Knowledge,-,"Spinoza emphasizes that this kind, while useful for survival and communication, cannot yield certain truth, as it fragments reality into disconnected particulars without causal insight.",72,https://philarchive.org/archive/GRERAK-2,,,none,NOT_CHECKED,-,outside priority set and not in the random sample,,,
C167,Epistemology and Human Knowledge > Three Kinds of Knowledge,-,Spinoza's treatment of words as signs in the first kind of knowledge reflects his broader views on natural languages.,,,,,script,UNCITED,-,no citation anywhere later in its paragraph,,,
C168,Epistemology and Human Knowledge > Three Kinds of Knowledge,-,"He regarded natural languages as conventional systems of signs that primarily serve to evoke associated images and experiences in the mind, thereby remaining within the passive and inadequate realm of imagination.",,,,,script,UNCITED,-,no citation anywhere later in its paragraph,,,
C169,Epistemology and Human Knowledge > Three Kinds of Knowledge,-,"Due to their historical and cultural origins, natural languages are often ambiguous, imprecise, and ill-suited for expressing eternal truths or clear and distinct ideas.",,,,,script,UNCITED,-,no citation anywhere later in its paragraph,,,
C170,Epistemology and Human Knowledge > Three Kinds of Knowledge,-,"This inadequacy of ordinary language motivated Spinoza to employ the rigorous geometric method in his Ethics, allowing philosophical truths to be demonstrated deductively with minimal reliance on verbal ambiguity and interpretation.",,,,,script,UNCITED,-,no citation anywhere later in its paragraph,,,
C171,Epistemology and Human Knowledge > Three Kinds of Knowledge,P,"The second kind of knowledge, or reason (ratio), involves adequate ideas formed from ""common notions"" (notiones communes)—universal properties shared by all things, such as extension or the principle of contradiction, known through the intellect's innate capacity.",71,https://www.faculty.umb.edu/gary_zabel/Courses/Spinoza/Texts/Spinoza/e2e.htm,,,primary,UNVERIFIABLE,-,"Ref 71 is dead (404). The content is correct: E2P40S1–S2, E2P38–39 common notions",,https://www.gutenberg.org/ebooks/3800,N
C172,Epistemology and Human Knowledge > Three Kinds of Knowledge,P,"Accessible via deductive reasoning and the geometric method, it provides clear and distinct understanding of essences and laws governing finite modes, independent of imagination's distortions.",69,https://plato.stanford.edu/entries/spinoza-epistemology-mind/,,,skim,SUPPORTED,-,Ref 69 on reason (E2P42),,https://plato.stanford.edu/,N
C173,Epistemology and Human Knowledge > Three Kinds of Knowledge,-,"Spinoza illustrates this with arithmetic: recognizing that 2 + 2 = 4 stems from the common property of equality among numbers, yielding necessity rather than mere enumeration.",70,https://iep.utm.edu/spino-ep/,,,none,NOT_CHECKED,-,outside priority set and not in the random sample,,,
C174,Epistemology and Human Knowledge > Three Kinds of Knowledge,-,"Though adequate within its scope, reason remains discursive and limited to general truths, falling short of the singular essence of individual things in their eternal necessity.",72,https://philarchive.org/archive/GRERAK-2,,,none,NOT_CHECKED,-,outside priority set and not in the random sample,,,
C175,Epistemology and Human Knowledge > Three Kinds of Knowledge,-,"The third kind of knowledge, termed intuitive knowledge (scientia intuitiva), proceeds directly from an adequate idea of God's essence (or certain attributes) to the essence of finite things, apprehending particulars as necessary expressions of the infinite substance.",71,https://www.faculty.umb.edu/gary_zabel/Courses/Spinoza/Texts/Spinoza/e2e.htm,,,none,NOT_CHECKED,-,outside priority set and not in the random sample,,,
C176,Epistemology and Human Knowledge > Three Kinds of Knowledge,-,"Unlike reason's stepwise inference, it yields immediate, holistic insight sub specie aeternitatis, transforming passive affects into active joy and intellectual love of God, culminating in beatitudo (blessedness).",69,https://plato.stanford.edu/entries/spinoza-epistemology-mind/,,,none,NOT_CHECKED,-,outside priority set and not in the random sample,,,
C177,Epistemology and Human Knowledge > Three Kinds of Knowledge,-,"Returning to the arithmetic example, it equates to grasping 4's essence instantaneously from the nature of unity itself, bypassing mediation.",70,https://iep.utm.edu/spino-ep/,,,none,NOT_CHECKED,-,outside priority set and not in the random sample,,,
C178,Epistemology and Human Knowledge > Three Kinds of Knowledge,P,"Spinoza holds this rare attainment as the mind's highest freedom, though he provides no explicit method beyond cultivating reason to access it, underscoring its dependence on aligning the mind with divine necessity.",72,https://philarchive.org/archive/GRERAK-2,,,none,UNVERIFIABLE,-,"Ref 72 bot-blocked. ""No explicit method"" is debatable given E5P25–28",,,N
C179,Epistemology and Human Knowledge > Geometric Method and Rational Demonstration,P,"Spinoza's Ethics (Ethica ordine geometrico demonstrata), composed primarily between 1662 and 1675, employs a deductive structure modeled on Euclidean geometry to systematically derive metaphysical, epistemological, and ethical conclusions from foundational principles.",73,https://iep.utm.edu/geo-meth/,,,skim,SUPPORTED,-,IEP (geometrical method) on composition and structure,,https://iep.utm.edu/,N
C180,Epistemology and Human Knowledge > Geometric Method and Rational Demonstration,P,"This approach begins with definitions of key terms, such as ""substance"" as that which exists in itself and is conceived through itself, followed by axioms that assert self-evident truths, like the proposition that from a given determinate cause an effect necessarily follows.",74,https://www.earlymoderntexts.com/assets/pdfs/spinoza1665.pdf,,,read,SUPPORTED,-,Bennett Ethics: definitions and axioms,,https://www.earlymoderntexts.com/assets/pdfs/spinoza1665.pdf,N
C181,Epistemology and Human Knowledge > Geometric Method and Rational Demonstration,P,"Propositions are then demonstrated through rigorous proofs drawing solely on prior definitions, axioms, and established propositions, with corollaries providing immediate consequences and scholia offering explanatory notes or alternative demonstrations.",11,https://iep.utm.edu/spinoza/,,,skim,SUPPORTED,-,IEP on structure,,https://iep.utm.edu/spinoza/,N
C182,Epistemology and Human Knowledge > Geometric Method and Rational Demonstration,S,"The method's formal elements ensure logical progression without reliance on empirical induction or rhetorical persuasion, aiming to replicate the certainty of mathematical reasoning in philosophical inquiry.",75,https://www.cambridge.org/core/books/cambridge-spinoza-lexicon/geometrical-method/9398330A75DFFA68CBD1FD771DA4A924,,,skim,SUPPORTED,-,Ref 75 on the geometric method (generic),,,N
C183,Epistemology and Human Knowledge > Geometric Method and Rational Demonstration,P,"For instance, Proposition 7 in Part I states that ""it pertains to the nature of a substance to exist,"" proved by showing that existence belongs to its essence as defined, independent of external causes.",74,https://www.earlymoderntexts.com/assets/pdfs/spinoza1665.pdf,,,primary,SUPPORTED,-,E1P7 correct (Curley wording),,https://www.gutenberg.org/ebooks/3800,N
C184,Epistemology and Human Knowledge > Geometric Method and Rational Demonstration,P,"This chain of deductions builds cumulatively across five parts, from the nature of substance and God (Part I) to human bondage and freedom (Parts IV–V), preventing gaps or ad hoc assumptions.",73,https://iep.utm.edu/geo-meth/,,,skim,SUPPORTED,-,Five-part structure,,https://www.gutenberg.org/ebooks/3800,N
C185,Epistemology and Human Knowledge > Geometric Method and Rational Demonstration,P,"Influenced by Euclid's Elements (c. 300 BCE), which Spinoza studied and which provided the paradigm of axiomatic deduction from primitive notions, the method also reflects René Descartes's earlier attempts to geometrize philosophy, as in the appended Geometry to his Discourse on Method (1637) and the synthetic order of the Meditations (1641).",73,https://iep.utm.edu/geo-meth/,,,skim,SUPPORTED,-,IEP geometrical method on Euclid,,https://iep.utm.edu/,N
C186,Epistemology and Human Knowledge > Geometric Method and Rational Demonstration,-,"Unlike Descartes, who applied it selectively and prioritized intuition over strict deduction for foundational truths like the cogito, Spinoza extends it comprehensively to encompass his entire system, rejecting Cartesian reliance on clear and distinct ideas derived from doubt.",75,https://www.cambridge.org/core/books/cambridge-spinoza-lexicon/geometrical-method/9398330A75DFFA68CBD1FD771DA4A924,,,none,NOT_CHECKED,-,outside priority set and not in the random sample,,,
C187,Epistemology and Human Knowledge > Geometric Method and Rational Demonstration,-,"Spinoza critiqued Descartes's method for insufficient rigor in deducing extended reality from thought, instead grounding his own in a parallelism of attributes where order of ideas mirrors order of things.",11,https://iep.utm.edu/spinoza/,,,none,NOT_CHECKED,-,outside priority set and not in the random sample,,,
C188,Epistemology and Human Knowledge > Geometric Method and Rational Demonstration,S,"In Spinoza's epistemology, this geometric presentation facilitates the second kind of knowledge—reason—by generating adequate ideas that adequately cause their effects, paralleling the causal necessity emanating from God or Nature.",73,https://iep.utm.edu/geo-meth/,,,skim,SUPPORTED,-,IEP on adequate ideas and causal definition,,https://iep.utm.edu/,N
C189,Epistemology and Human Knowledge > Geometric Method and Rational Demonstration,-,"He viewed the method not merely as stylistic but as ontologically reflective: the deductive necessity of proofs mirrors the deterministic necessity of finite modes following from infinite substance, enabling rational demonstration of truths inaccessible to sensory imagination.",76,https://read.dukeupress.edu/poetics-today/article/28/3/443/20937/The-Geometrical-Method-in-Spinoza-s-Ethics,,,none,NOT_CHECKED,-,outside priority set and not in the random sample,,,
C190,Epistemology and Human Knowledge > Geometric Method and Rational Demonstration,P,"Critics, including some contemporaries like Leibniz, noted potential circularity in axioms presupposing substantive conclusions, yet Spinoza insisted the method's validity rests on its alignment with the intellect's innate capacity for eternal truths, independent of contingent experience.",11,https://iep.utm.edu/spinoza/,,,skim,MISCITED,-,IEP (ref 11) has nothing on Leibniz charging circularity,,,N
C191,Epistemology and Human Knowledge > Limitations of Imagination and Sensory Experience,P,"Spinoza identifies the first kind of knowledge as arising from sensory experience and imagination, which he terms ""opinion or imagination.""",,,,,primary,UNCITED,-,"E2P40S2 ""opinion or imagination"". Correct",E2P40S2,https://www.gutenberg.org/ebooks/3800,N
C192,Epistemology and Human Knowledge > Limitations of Imagination and Sensory Experience,-,"This form of cognition originates in the mind's ideas of the affections of the body as affected by external bodies, producing images or signs rather than a direct grasp of essences or necessary properties.",77,https://www.gutenberg.org/files/3800/3800-h/3800-h.htm,,,none,NOT_CHECKED,-,outside priority set and not in the random sample,,,
C193,Epistemology and Human Knowledge > Limitations of Imagination and Sensory Experience,P,"Such ideas are inherently partial, reflecting the body's current disposition rather than the full causal order of nature, as explicated in Ethics Part II, Proposition 17: ""If the human body is affected in a manner which involves the nature of any external body, the human mind will regard the said external body as actually existing.""",77,https://www.gutenberg.org/files/3800/3800-h/3800-h.htm,,,primary,SUPPORTED,-,The E2P17 quote matches Elwes verbatim,,https://www.gutenberg.org/ebooks/3800,N
C194,Epistemology and Human Knowledge > Limitations of Imagination and Sensory Experience,-,"The primary limitation of imagination lies in its inadequacy, meaning the ideas lack the intrinsic marks of truth and involve external causes beyond the mind's full comprehension.",,,,,script,UNCITED,-,no citation; a later sentence in the same paragraph cites 77,,,
C195,Epistemology and Human Knowledge > Limitations of Imagination and Sensory Experience,P,"In Ethics IIp25, Spinoza demonstrates that ""the idea of each modification of the human body does not involve an adequate knowledge of the external body,"" because sensory perceptions capture only effects on the perceiver, mutilating the object's true nature by omitting infinite concurrent causes.",77,https://www.gutenberg.org/files/3800/3800-h/3800-h.htm,,,primary,SUPPORTED,-,E2P25 matches Elwes,,https://www.gutenberg.org/ebooks/3800,N
C196,Epistemology and Human Knowledge > Limitations of Imagination and Sensory Experience,P,"This partiality renders imaginative knowledge confused and obscure (IIp28), as the mind compounds ideas without discerning their necessary connections, leading to representations that vary with bodily states rather than fixed realities.",77,https://www.gutenberg.org/files/3800/3800-h/3800-h.htm,,,primary,SUPPORTED,-,E2P28 (confused ideas),,https://www.gutenberg.org/ebooks/3800,N
C197,Epistemology and Human Knowledge > Limitations of Imagination and Sensory Experience,-,"Furthermore, imagination serves as the sole source of falsity and error in cognition.",,,,,script,UNCITED,-,no citation; a later sentence in the same paragraph cites 77,,,
C198,Epistemology and Human Knowledge > Limitations of Imagination and Sensory Experience,P,"As stated in Ethics IIp41, ""knowledge of the first kind is the only cause of falsity,"" since inadequate ideas constitute a privation of knowledge, mistaking fragmentary experiences for complete truths (IIp35).",77,https://www.gutenberg.org/files/3800/3800-h/3800-h.htm,,,primary,SUPPORTED,-,"E2P41 (Curley ""only cause of falsity""; Elwes ""only source"")",,https://www.gutenberg.org/ebooks/3800,N
C199,Epistemology and Human Knowledge > Limitations of Imagination and Sensory Experience,P,"For instance, sensory experience may present the sun as proximate—approximately 200 feet distant—despite rational knowledge of its actual remoteness; this imaginative distortion persists unless overridden by stronger contrary ideas, underscoring its passive and unreliable character (IIp17, note).",77,https://www.gutenberg.org/files/3800/3800-h/3800-h.htm,,,primary,MISCITED,-,"The sun “about two hundred feet” example is in E2P35S, and is repeated at E4P1S. E2P35S points back to E2P17S for the theory, but the example itself is not in E2P17S.","E2P35S (also E4P1S); E2P35S points back to E2P17S for the theory, not the example",https://www.gutenberg.org/ebooks/3800,Y
C200,Epistemology and Human Knowledge > Limitations of Imagination and Sensory Experience,P,"Such errors extend to memory, where associations of past affections form haphazard links (IIp18), fostering superstitions or unfounded judgments detached from causal necessity.",77,https://www.gutenberg.org/files/3800/3800-h/3800-h.htm,,,primary,SUPPORTED,-,E2P18 and Scholium on association and memory,,https://www.gutenberg.org/ebooks/3800,N
C201,Epistemology and Human Knowledge > Limitations of Imagination and Sensory Experience,P,"These limitations impede adequate understanding and perpetuate bondage to passions, as imaginative ideas render the mind passive toward external influences (IIp3).",77,https://www.gutenberg.org/files/3800/3800-h/3800-h.htm,,,primary,MISCITED,-,E2P3 concerns God's idea of his essence. The mind's passivity from inadequate ideas is E3P1 and E3P3,"E3P1, E3P3",https://www.gutenberg.org/ebooks/3800,Y
C202,Epistemology and Human Knowledge > Limitations of Imagination and Sensory Experience,S,"While higher forms of knowledge—reason and intuition—can comprehend and mitigate imaginative deficiencies by revealing common notions and eternal truths, sensory-based cognition alone cannot attain clarity or freedom, confining humans to fluctuating opinions unless elevated through intellectual discipline.",77,https://www.gutenberg.org/files/3800/3800-h/3800-h.htm,,,skim,SUPPORTED,-,Elwes E2P40S2; ref 77 is Elwes,,https://www.gutenberg.org/ebooks/3800,N
C203,Ethics and Psychology > Conatus Principle and Human Striving,P,"In Ethics Part III, Proposition 6, Spinoza posits that ""each thing, as far as it can by its own power, strives to persevere in its being,"" identifying this conatus—Latin for ""striving"" or ""endeavor""—as the fundamental drive inherent to every finite entity as its actual essence (Proposition 7).",78 79,https://plato.stanford.edu/entries/spinoza-psychological/ ; https://iep.utm.edu/spinoza-free-will-determinism/,,,primary,SUPPORTED,-,E3P6 quote matches Curley (via IEP),,https://www.gutenberg.org/ebooks/3800,N
C204,Ethics and Psychology > Conatus Principle and Human Striving,S,"This principle derives from Spinoza's metaphysics, where finite modes express God's infinite power finitely, such that perseverance aligns with the necessity of nature rather than teleological purpose.",78,https://plato.stanford.edu/entries/spinoza-psychological/,,,skim,SUPPORTED,-,"SEP (psychological), E3P6 demonstration",,https://plato.stanford.edu/entries/spinoza-psychological/,N
C205,Ethics and Psychology > Conatus Principle and Human Striving,P,"For human beings, as composite modes of extension and thought, conatus manifests as the effort to maintain and augment one's power of acting (potentia agendi), encompassing both body and mind (Part III, Proposition 9 and scholium).",78,https://plato.stanford.edu/entries/spinoza-psychological/,,,skim,SUPPORTED,-,"SEP (psychological), E3P7",,https://plato.stanford.edu/entries/spinoza-psychological/,N
C206,Ethics and Psychology > Conatus Principle and Human Striving,P,"Appetite denotes conatus in relation to mind and body conjointly, while desire (cupiditas) emerges when this striving becomes conscious, defining human motivation at its core: ""Desire can be defined as appetite together with consciousness of the appetite"" (Part III, Definition of Affects I).",78 79,https://plato.stanford.edu/entries/spinoza-psychological/ ; https://iep.utm.edu/spinoza-free-will-determinism/,,,primary,MISCITED,-,"DefAff 1 Explanation restates E3P9S, so the article’s citation is a near miss rather than a fabrication. The quoted sentence is located in E3P9S (Curley), not in the definition proper.","E3P9S; DefAff 1 Explanation restates E3P9S, so the locator is a near miss",https://www.gutenberg.org/ebooks/3800,Y
C207,Ethics and Psychology > Conatus Principle and Human Striving,P,"Thus, all human actions stem from this innate tendency to affirm existence and resist diminution, without external final causes.",78,https://plato.stanford.edu/entries/spinoza-psychological/,,,skim,SUPPORTED,-,SEP (psychological),,https://plato.stanford.edu/entries/spinoza-psychological/,N
C208,Ethics and Psychology > Conatus Principle and Human Striving,P,"This human striving grounds Spinoza's analysis of affects, where transitions in conatus determine emotional states: joy signifies an increase in power (Part III, Proposition 11 scholium), sadness a decrease, and active emotions arise from adequate ideas enhancing perseverance (Proposition 59).",78,https://plato.stanford.edu/entries/spinoza-psychological/,,,primary,SUPPORTED,-,E3P11S (joy and sadness) and E3P58–59 (active affects),,https://www.gutenberg.org/ebooks/3800,N
C209,Ethics and Psychology > Conatus Principle and Human Striving,P,"Ethically, unaided conatus yields bondage to passive affects from external causes, but rational understanding redirects striving toward self-determination, equating virtue with ""acting according to the laws of one's own nature"" (Part IV, Proposition 37).",79,https://iep.utm.edu/spinoza-free-will-determinism/,,,primary,MISCITED,-,“Acting according to the laws of one’s own nature” is in E4P24 Dem and the underlying E4D8; E4P18S also bears on the rational redirection of striving. E4P37 is about wanting for others the good one wants for oneself.,"E4D8, E4P18S and E4P24 Dem; E4P37 concerns wanting for others the good one wants for oneself",https://www.gutenberg.org/ebooks/3800,Y
C210,Ethics and Psychology > Conatus Principle and Human Striving,P,"The ""striving to preserve oneself is the first and only foundation of virtue"" (Part IV, Proposition 22 corollary), as reason amplifies conatus by aligning it with eternal truths, fostering intellectual joy and freedom from fortune's sway.",79 78,https://iep.utm.edu/spinoza-free-will-determinism/ ; https://plato.stanford.edu/entries/spinoza-psychological/,,,primary,SUPPORTED,-,"E4P22C (""first and only foundation of virtue"")",,https://www.gutenberg.org/ebooks/3800,N
C211,Ethics and Psychology > Analysis of Passions and Emotions,P,"In Ethics Part III, Spinoza systematically examines the origin and nature of the affects (Latin: affectus), which encompass both passions and active emotions, presenting them as modifications of the body that increase or diminish its power of acting, paralleled by corresponding ideas in the mind.",80,https://en.wikisource.org/wiki/Ethics_(Spinoza,,,none,UNVERIFIABLE,-,"Ref 80 is a malformed Wikisource URL, cut off at ""Ethics_(Spinoza"" (404). The content matches the E3 Preface",,https://en.wikisource.org/wiki/Ethics_(Spinoza)/Part_3,N
C212,Ethics and Psychology > Analysis of Passions and Emotions,S,"He argues that affects arise necessarily from the interaction of bodies, determined by their essences and external encounters, rather than from arbitrary volition or supernatural intervention.",81,https://www.uky.edu/~look/essays/PPP.pdf,,,skim,MISCITED,-,"Linked ref 81 (Look, Leibniz–Spinoza essay) does not discuss this; numbers 81–89 are in the ambiguous zone of the renumbering","E3 Preface, E3P1–3",https://www.gutenberg.org/ebooks/3800,N
C213,Ethics and Psychology > Analysis of Passions and Emotions,P,"This deterministic framework derives from the conatus doctrine established earlier, wherein each thing's essence is its striving to persevere in its being; thus, affects reflect transitions in the power of acting inherent to finite modes like human bodies./Part_3#Proposition_6)",,,,,skim,UNCITED,-,"Contains a leaked markup fragment ""./Part_3#Proposition_6)"" (broken link)",E3P6–7,https://www.gutenberg.org/ebooks/3800,N
C214,Ethics and Psychology > Analysis of Passions and Emotions,-,"Spinoza identifies three primary affects: desire, joy, and sadness.",,,,,script,UNCITED,-,no citation; a later sentence in the same paragraph cites 82,,,
C215,Ethics and Psychology > Analysis of Passions and Emotions,-,"Desire is the conscious appetite stemming from conatus, constituting the essence of a human as determined to specific actions by bodily modifications.",82,https://ndpr.nd.edu/reviews/spinoza-on-human-freedom-reason-autonomy-and-the-good-life/,,,none,NOT_CHECKED,-,outside priority set and not in the random sample,,,
C216,Ethics and Psychology > Analysis of Passions and Emotions,-,"Joy signifies a passive transition to greater perfection, wherein the mind's power of thinking increases alongside the body's enhanced capacity to act.",83,http://www.quebecoislibre.org/06/060507-2.htm,,,none,NOT_CHECKED,-,outside priority set and not in the random sample,,,
C217,Ethics and Psychology > Analysis of Passions and Emotions,-,"Conversely, sadness denotes a transition to lesser perfection, diminishing both bodily and mental power.",83,http://www.quebecoislibre.org/06/060507-2.htm,,,none,NOT_CHECKED,-,outside priority set and not in the random sample,,,
C218,Ethics and Psychology > Analysis of Passions and Emotions,-,"All other affects are composites or derivatives of these primaries; for instance, love is joy accompanied by the idea of an external cause, while hate is sadness with such an idea.",84,https://www.tandfonline.com/doi/abs/10.1080/09672559.2022.2136734,,,none,NOT_CHECKED,-,outside priority set and not in the random sample,,,
C219,Ethics and Psychology > Analysis of Passions and Emotions,-,"Central to Spinoza's distinction is the active-passive dichotomy: an affect is active when the mind is the adequate cause, arising from clear and distinct ideas aligned with reason, thereby enhancing self-determination; it is passive (a passion) when the mind is only a partial cause, stemming from inadequate, confused ideas of external influences that constrain or aid the body's power unpredictably.",85 86,https://compass.onlinelibrary.wiley.com/doi/abs/10.1111/phc3.12838 ; https://plato.stanford.edu/entries/emotions-17th18th/LD5Spinoza.html,,,none,NOT_CHECKED,-,outside priority set and not in the random sample,,,
C220,Ethics and Psychology > Analysis of Passions and Emotions,P,"Passions dominate human experience due to the prevalence of sensory and imaginative knowledge, subjecting individuals to ""bondage"" as external causes drive vacillations in power, akin to ""waves of the sea driven by contrary winds.""",87,https://www.researchgate.net/publication/365019103_The_Intellectual_Love_of_God_in_Spinoza,,,none,UNVERIFIABLE,-,Ref 87 bot-blocked (81–89 ambiguous zone),,https://www.gutenberg.org/ebooks/3800,N
C221,Ethics and Psychology > Analysis of Passions and Emotions,S,"Yet, Spinoza emphasizes that passions follow the same necessity as other natural phenomena, admitting no exceptions for human will; their force equals that of adequate ideas, but comprehension of their causes—via reason—transforms passive suffering into active mastery, as understanding yields joy and reduces sadness's dominion.",88 89,https://www.thecollector.com/what-was-baruch-spinoza-concept-freedom/ ; https://www.earlymoderntexts.com/assets/pdfs/spinoza1669.pdf,,,skim,UNVERIFIABLE,-,Refs 88 and 89 are in the ambiguous 81–89 zone and neither states this. The content matches the E3 Preface and E4P5,,https://www.gutenberg.org/ebooks/3800,N
C222,Ethics and Psychology > Analysis of Passions and Emotions,-,"This analysis rejects voluntarist or faculty-psychology models prevalent in Cartesian thought, treating emotions not as irrational perturbations but as lawful expressions of nature's geometry, where mitigation occurs not by suppression but by opposing affects of greater power or intellectual insight into necessity.",81,https://www.uky.edu/~look/essays/PPP.pdf,,,none,NOT_CHECKED,-,outside priority set and not in the random sample,,,
C223,Ethics and Psychology > Analysis of Passions and Emotions,P,"Spinoza's taxonomy, appended as definitions at Part III's close, enumerates 48 specific affects (e.g., wonder, contempt, generosity), all reducible to the primaries and analyzable for their effects on perseverance.",90,https://en.wikisource.org/wiki/Theologico-Political_Treatise_1862/Chapter_14,90->81: https://www.uky.edu/~look/essays/PPP.pdf,,primary,MISCITED,SUPPORTED,Numbering shift: [90] links to Wikisource TTP ch. 14. The intended ref 81 discusses the passions. The 48 definitions of the affects at the end of E3 are confirmed in Elwes,E3 Definitions of the Affects 1–48,https://www.gutenberg.org/ebooks/3800,N
C224,Ethics and Psychology > Path to Intellectual Love of God and Freedom,-,"Spinoza posits that true human freedom consists in the mind's capacity to act from the necessity of its own nature rather than being determined by external causes, a state achieved through the cultivation of adequate knowledge that aligns the individual with the eternal order of Nature or God.",79,https://iep.utm.edu/spinoza-free-will-determinism/,,,none,NOT_CHECKED,-,outside priority set and not in the random sample,,,
C225,Ethics and Psychology > Path to Intellectual Love of God and Freedom,S,"This freedom emerges as the mind increases its power of understanding, thereby diminishing the influence of passive emotions (affectus passivi) that arise from inadequate ideas and external contingencies.",91,https://faculty.umb.edu/gary_zabel/Courses/Spinoza/Texts/Spinoza/tpt16.htm,91->82: https://ndpr.nd.edu/reviews/spinoza-on-human-freedom-reason-autonomy-and-the-good-life/,,skim,MISCITED,SUPPORTED,Shift: [91] is dead; the intended ref 82 (NDPR review) supports it,,https://ndpr.nd.edu/reviews/spinoza-on-human-freedom-reason-autonomy-and-the-good-life/,N
C226,Ethics and Psychology > Path to Intellectual Love of God and Freedom,P,"In Ethics Part V, Spinoza argues that the mind's liberation from these passions occurs via rational self-mastery, where actions proceed from conatus—the striving to persevere in being—guided by reason rather than fortune or impulse.",92,https://iep.utm.edu/spin-pol/,92->83: http://www.quebecoislibre.org/06/060507-2.htm,,skim,MISCITED,SUPPORTED,Shift: [92] links to IEP political (equally weak match); the intended ref 83 discusses conatus and reason,,https://www.gutenberg.org/ebooks/3800,N
C227,Ethics and Psychology > Path to Intellectual Love of God and Freedom,-,"The path to this freedom culminates in the amor Dei intellectualis, or intellectual love of God, which Spinoza defines as a joy accompanied by the idea of God as its cause, attained through the highest form of knowledge.",,,,,script,UNCITED,-,no citation; a later sentence in the same paragraph cites 93 78,,,
C228,Ethics and Psychology > Path to Intellectual Love of God and Freedom,-,"This joyful affirmation through understanding involves embracing the necessities of nature, where adequate knowledge aligns conatus with eternal truths, increasing one's power of acting and yielding beatitude as an active, enduring contentment.",93 78,https://www.mdpi.com/2409-9287/6/3/67 ; https://plato.stanford.edu/entries/spinoza-psychological/,93->84: https://www.tandfonline.com/doi/abs/10.1080/09672559.2022.2136734,,none,NOT_CHECKED,-,outside priority set and not in the random sample,,,
C229,Ethics and Psychology > Path to Intellectual Love of God and Freedom,-,"This love is not sentimental or devotional in a traditional sense but an intellectual affirmation of one's place within the infinite causal necessity of substance, yielding beatitudo—a stable contentment of mind that is eternal insofar as it inheres in the mind's adequate and eternal ideas.",94,https://www.philosophers.world/spinoza/ethics.html,94->85: https://compass.onlinelibrary.wiley.com/doi/abs/10.1111/phc3.12838,,none,NOT_CHECKED,-,outside priority set and not in the random sample,,,
C230,Ethics and Psychology > Path to Intellectual Love of God and Freedom,-,"Unlike sensory or imaginative knowledge, which binds the mind to mutable bodies and transient affects, intuitive knowledge (scientia intuitiva) enables the mind to view singular things under the aspect of eternity (sub specie aeternitatis), revealing their essence as modes of God's attributes and thereby generating this active joy.",95,http://dbanach.com/archive/mickelsen/spinozas_method.html,95->86: https://plato.stanford.edu/entries/emotions-17th18th/LD5Spinoza.html,,none,NOT_CHECKED,-,outside priority set and not in the random sample,,,
C231,Ethics and Psychology > Path to Intellectual Love of God and Freedom,S,"Spinoza outlines the progression toward this intellectual love and freedom as a therapeutic process: first, through reason, one forms common notions of properties shared across bodies, achieving partial adequacy and control over passions by understanding their causes; this prepares the ground for intuition, where the mind grasps the essence of itself and other things in God, transforming passive bondage into active blessedness.",96,https://daily.jstor.org/nice-guy-spinoza-finishes-first/,96->87: https://www.researchgate.net/publication/365019103_The_Intellectual_Love_of_God_in_Spinoza,,skim,MISCITED,UNVERIFIABLE,Shift: [96] links to JSTOR Daily; the intended ref 87 is bot-blocked,,https://www.gutenberg.org/ebooks/3800,N
C232,Ethics and Psychology > Path to Intellectual Love of God and Freedom,P,"The result is not escape from determinism—since all things follow necessarily from God's nature—but liberation from ignorance of necessity, allowing the mind to ""possess"" eternity during life and persist immortally beyond bodily death in the form of its intellectual capacities.",70,https://iep.utm.edu/spino-ep/,,,primary,SUPPORTED,-,"Partly supported, misleading. E5P23 leaves “something which is eternal” remaining, and E5P40C identifies it as the intellect. What Spinoza rejects is eternity read as duration or memory (E5P23S, E5P34S, E5P21). “Beyond bodily death” is misleading, but “its intellectual capacities” is supported.","Partly supported, misleading: E5P23, E5P40C, E5P23S, E5P34S and E5P21; intellectual capacities are supported, “beyond bodily death” is misleading",https://www.gutenberg.org/ebooks/3800,Y
C233,Ethics and Psychology > Path to Intellectual Love of God and Freedom,-,"Spinoza emphasizes that this path demands disciplined intellectual effort, as the mind's default entanglement in imagination favors error and servitude, but rational demonstration and ethical practice can elevate it to union with the divine intellect, where freedom is realized as necessity embraced.",97,https://www.hackettpublishing.com/the-complete-works,97->88: https://www.thecollector.com/what-was-baruch-spinoza-concept-freedom/,,none,NOT_CHECKED,-,outside priority set and not in the random sample,,,
C234,Political and Theological Philosophy > Biblical Hermeneutics and Prophecy,P,"Spinoza analyzed prophecy primarily in chapters 1 and 2 of his Tractatus Theologico-Politicus, defining it as certain knowledge of unseen things revealed by God through the imagination rather than reason.",98,https://www.cambridge.org/core/books/cambridge-spinoza-lexicon/short-treatise-on-god-man-and-his-wellbeing/524C1FD0D2A30DAA64BBE499D4118D7D,98->89: https://www.earlymoderntexts.com/assets/pdfs/spinoza1669.pdf,,read,MISCITED,SUPPORTED,"Shift: [98] links to a Cambridge Lexicon entry on the Short Treatise. The intended ref 89 (Bennett TTP ch. 1) has ""certain knowledge… revealed by God""",TTP ch. 1,https://www.earlymoderntexts.com/assets/pdfs/spinoza1669.pdf,N
C235,Political and Theological Philosophy > Biblical Hermeneutics and Prophecy,-,"This revelation is adapted to the prophet's pre-existing opinions and temperament, ensuring the message promotes piety and obedience among the common people.",98,https://www.cambridge.org/core/books/cambridge-spinoza-lexicon/short-treatise-on-god-man-and-his-wellbeing/524C1FD0D2A30DAA64BBE499D4118D7D,98->89: https://www.earlymoderntexts.com/assets/pdfs/spinoza1669.pdf,,none,NOT_CHECKED,-,outside priority set and not in the random sample,,,
C236,Political and Theological Philosophy > Biblical Hermeneutics and Prophecy,-,"Prophets achieve moral certainty via accompanying signs, such as miracles, but their insights lack the inherent certainty of rational demonstration.",98,https://www.cambridge.org/core/books/cambridge-spinoza-lexicon/short-treatise-on-god-man-and-his-wellbeing/524C1FD0D2A30DAA64BBE499D4118D7D,98->89: https://www.earlymoderntexts.com/assets/pdfs/spinoza1669.pdf,,none,NOT_CHECKED,-,outside priority set and not in the random sample,,,
C237,Political and Theological Philosophy > Biblical Hermeneutics and Prophecy,-,"Unlike rational knowledge, which is universal and adequate, prophetic knowledge varies by individual imaginative capacity and background; for instance, cheerful prophets envisioned triumphs while melancholic ones foresaw calamities.",98,https://www.cambridge.org/core/books/cambridge-spinoza-lexicon/short-treatise-on-god-man-and-his-wellbeing/524C1FD0D2A30DAA64BBE499D4118D7D,98->89: https://www.earlymoderntexts.com/assets/pdfs/spinoza1669.pdf,,none,NOT_CHECKED,-,outside priority set and not in the random sample,,,
C238,Political and Theological Philosophy > Biblical Hermeneutics and Prophecy,-,"Moses held a superior position, having heard God's voice directly without intermediary images, yet even he conveyed truths through accommodations to popular understanding.",98,https://www.cambridge.org/core/books/cambridge-spinoza-lexicon/short-treatise-on-god-man-and-his-wellbeing/524C1FD0D2A30DAA64BBE499D4118D7D,98->89: https://www.earlymoderntexts.com/assets/pdfs/spinoza1669.pdf,,none,NOT_CHECKED,-,outside priority set and not in the random sample,,,
C239,Political and Theological Philosophy > Biblical Hermeneutics and Prophecy,S,"Spinoza emphasized that prophecy does not confer superior intellectual wisdom but serves a moral purpose, accessible to non-Hebrews as well, as evidenced by figures like Balaam.",98,https://www.cambridge.org/core/books/cambridge-spinoza-lexicon/short-treatise-on-god-man-and-his-wellbeing/524C1FD0D2A30DAA64BBE499D4118D7D,98->89: https://www.earlymoderntexts.com/assets/pdfs/spinoza1669.pdf,,skim,MISCITED,SUPPORTED,"Shift [98] -> 89; TTP ch. 3 (prophets of other nations, Balaam)",TTP ch. 3,https://www.earlymoderntexts.com/assets/pdfs/spinoza1669.pdf,N
C240,Political and Theological Philosophy > Biblical Hermeneutics and Prophecy,-,"Christ, in Spinoza's view, uniquely perceived divine truths adequately, transcending the imaginative mode typical of other prophets.",98,https://www.cambridge.org/core/books/cambridge-spinoza-lexicon/short-treatise-on-god-man-and-his-wellbeing/524C1FD0D2A30DAA64BBE499D4118D7D,98->89: https://www.earlymoderntexts.com/assets/pdfs/spinoza1669.pdf,,none,NOT_CHECKED,-,outside priority set and not in the random sample,,,
C241,Political and Theological Philosophy > Biblical Hermeneutics and Prophecy,-,Spinoza's hermeneutic method underscores his understanding of natural languages as historical artifacts requiring careful philological analysis.,,,,,script,UNCITED,-,no citation; a later sentence in the same paragraph cites 98,,,
C242,Political and Theological Philosophy > Biblical Hermeneutics and Prophecy,P,"By insisting on interpretation from the ""history of the language"" and the usage of words in their original context, he treated languages like Hebrew as natural, human creations subject to ambiguity and evolution, rather than divinely perfect or transparent mediums.",,,,,primary,UNCITED,-,"TTP 7 ""history"" of Scripture, including its language. Correct",TTP ch. 7,https://www.gutenberg.org/ebooks/989,N
C243,Political and Theological Philosophy > Biblical Hermeneutics and Prophecy,-,This approach aligns with his view that scripture accommodates itself to human imaginative capacities through the vehicle of natural language.,,,,,script,UNCITED,-,no citation; a later sentence in the same paragraph cites 98,,,
C244,Political and Theological Philosophy > Biblical Hermeneutics and Prophecy,P,"In chapter 7, Spinoza outlined a methodical approach to biblical hermeneutics, insisting that scripture be interpreted solely from its own terms, akin to constructing a natural history of the text.",98,https://www.cambridge.org/core/books/cambridge-spinoza-lexicon/short-treatise-on-god-man-and-his-wellbeing/524C1FD0D2A30DAA64BBE499D4118D7D,98->89: https://www.earlymoderntexts.com/assets/pdfs/spinoza1669.pdf,,read,MISCITED,SUPPORTED,Shift [98] -> 89; TTP ch. 7 method,TTP ch. 7,https://www.earlymoderntexts.com/assets/pdfs/spinoza1669.pdf,N
C245,Political and Theological Philosophy > Biblical Hermeneutics and Prophecy,-,"This requires ascertaining the original language—primarily Hebrew, with its ambiguities from lacking vowels and punctuation—the authors' historical circumstances, and the sequence of narratives.",98,https://www.cambridge.org/core/books/cambridge-spinoza-lexicon/short-treatise-on-god-man-and-his-wellbeing/524C1FD0D2A30DAA64BBE499D4118D7D,98->89: https://www.earlymoderntexts.com/assets/pdfs/spinoza1669.pdf,,none,NOT_CHECKED,-,outside priority set and not in the random sample,,,
C246,Political and Theological Philosophy > Biblical Hermeneutics and Prophecy,-,"Interpretations must prioritize clear, frequently repeated doctrines over obscure passages, resolving ambiguities by cross-referencing similar texts and accepting inconsistencies as signs of multiple human authors rather than divine perfection.",98,https://www.cambridge.org/core/books/cambridge-spinoza-lexicon/short-treatise-on-god-man-and-his-wellbeing/524C1FD0D2A30DAA64BBE499D4118D7D,98->89: https://www.earlymoderntexts.com/assets/pdfs/spinoza1669.pdf,,none,NOT_CHECKED,-,outside priority set and not in the random sample,,,
C247,Political and Theological Philosophy > Biblical Hermeneutics and Prophecy,-,"The method demands reconstructing the prophets' intentions within their era's context, focusing on moral imperatives like justice, charity, and love of neighbor, which Spinoza identified as scripture's universal core, verifiable by reason.",98,https://www.cambridge.org/core/books/cambridge-spinoza-lexicon/short-treatise-on-god-man-and-his-wellbeing/524C1FD0D2A30DAA64BBE499D4118D7D,98->89: https://www.earlymoderntexts.com/assets/pdfs/spinoza1669.pdf,,none,NOT_CHECKED,-,outside priority set and not in the random sample,,,
C248,Political and Theological Philosophy > Biblical Hermeneutics and Prophecy,-,"Ceremonial laws and historical narratives, by contrast, are context-specific and non-binding outside their original settings.",98,https://www.cambridge.org/core/books/cambridge-spinoza-lexicon/short-treatise-on-god-man-and-his-wellbeing/524C1FD0D2A30DAA64BBE499D4118D7D,98->89: https://www.earlymoderntexts.com/assets/pdfs/spinoza1669.pdf,,none,NOT_CHECKED,-,outside priority set and not in the random sample,,,
C249,Political and Theological Philosophy > Biblical Hermeneutics and Prophecy,-,"By divorcing interpretation from philosophical presuppositions or ecclesiastical authority, Spinoza aimed to extract practical guidance for virtuous living, fostering piety without superstition and safeguarding intellectual freedom.",98,https://www.cambridge.org/core/books/cambridge-spinoza-lexicon/short-treatise-on-god-man-and-his-wellbeing/524C1FD0D2A30DAA64BBE499D4118D7D,98->89: https://www.earlymoderntexts.com/assets/pdfs/spinoza1669.pdf,,none,NOT_CHECKED,-,outside priority set and not in the random sample,,,
C250,Political and Theological Philosophy > Biblical Hermeneutics and Prophecy,-,"This historical-critical framework treats the Bible as a human document, composed through editorial processes like those attributed to Ezra, rather than an infallible supernatural artifact.",98,https://www.cambridge.org/core/books/cambridge-spinoza-lexicon/short-treatise-on-god-man-and-his-wellbeing/524C1FD0D2A30DAA64BBE499D4118D7D,98->89: https://www.earlymoderntexts.com/assets/pdfs/spinoza1669.pdf,,none,NOT_CHECKED,-,outside priority set and not in the random sample,,,
C251,Political and Theological Philosophy > Separation of Theology and Philosophy,P,"In his Tractatus Theologico-Politicus published anonymously in 1670, Baruch Spinoza delineates a strict separation between theology and philosophy, arguing that each pursues distinct objectives through incompatible methods.",,,,,primary,UNCITED,-,TTP 14–15. Correct,,https://www.gutenberg.org/ebooks/989,N
C252,Political and Theological Philosophy > Separation of Theology and Philosophy,S,"Theology, derived from scripture, serves to foster obedience to God, which Spinoza equates with the practice of justice and charity toward one's neighbor, rather than to convey speculative knowledge about the divine essence or natural order.",99,https://www.cambridge.org/core/books/cambridge-spinoza-lexicon/treatise-on-the-emendation-of-the-intellect/E931822ABFB48CF29805A8E4E18486F8,99->90: https://en.wikisource.org/wiki/Theologico-Political_Treatise_1862/Chapter_14,,read,MISCITED,SUPPORTED,"Shift [99] -> 90 (Wikisource TTP ch. 14, justice and charity)",TTP ch. 14,https://en.wikisource.org/wiki/Theologico-Political_Treatise_1862/Chapter_14,N
C253,Political and Theological Philosophy > Separation of Theology and Philosophy,-,"Scripture, accommodated to the capacities of ordinary people across diverse historical contexts, employs imaginative narratives and prophetic visions tailored to promote moral conduct and social harmony, not rational demonstration of truths.",,,,,script,UNCITED,-,no citation; a later sentence in the same paragraph cites 98,,,
C254,Political and Theological Philosophy > Separation of Theology and Philosophy,-,"Thus, the Bible's authority rests in its ethical imperatives, which demand piety without requiring intellectual assent to its literal or metaphorical interpretations beyond practical utility.",98,https://www.cambridge.org/core/books/cambridge-spinoza-lexicon/short-treatise-on-god-man-and-his-wellbeing/524C1FD0D2A30DAA64BBE499D4118D7D,98->89: https://www.earlymoderntexts.com/assets/pdfs/spinoza1669.pdf,,none,NOT_CHECKED,-,outside priority set and not in the random sample,,,
C255,Political and Theological Philosophy > Separation of Theology and Philosophy,-,"Philosophy, by contrast, relies on reason and the geometric method to achieve adequate ideas of God—conceived as Deus sive Natura—yielding certain knowledge of causes, necessity, and human blessedness through intellectual love.",12,https://plato.stanford.edu/entries/spinoza/,,,none,NOT_CHECKED,-,outside priority set and not in the random sample,,,
C256,Political and Theological Philosophy > Separation of Theology and Philosophy,S,"Spinoza maintains that scripture neither teaches nor contradicts philosophy because its aim is practical obedience, not theoretical wisdom; any attempt to extract philosophical doctrines from it, as attempted by medieval thinkers like Maimonides, distorts both domains and breeds superstition and doctrinal strife.",45,https://plato.stanford.edu/entries/spinoza-political/,,,skim,SUPPORTED,-,"SEP (political), TTP 15 separation thesis",,https://plato.stanford.edu/entries/spinoza-political/,N
C257,Political and Theological Philosophy > Separation of Theology and Philosophy,-,"Theologians who philosophize via revelation impose dogmas that stifle inquiry, while philosophers meddling in exegesis undermine scriptural simplicity; proper demarcation preserves philosophy's autonomy for truth-seeking while upholding theology's role in civic virtue.",98,https://www.cambridge.org/core/books/cambridge-spinoza-lexicon/short-treatise-on-god-man-and-his-wellbeing/524C1FD0D2A30DAA64BBE499D4118D7D,98->89: https://www.earlymoderntexts.com/assets/pdfs/spinoza1669.pdf,,none,NOT_CHECKED,-,outside priority set and not in the random sample,,,
C258,Political and Theological Philosophy > Separation of Theology and Philosophy,-,"This bifurcation extends to political implications, justifying freedom of philosophizing under sovereign authority.",,,,,script,UNCITED,-,no citation; a later sentence in the same paragraph cites 100,,,
C259,Political and Theological Philosophy > Separation of Theology and Philosophy,-,"Individuals may dissent intellectually from theological tenets without violating piety, as long as they obey laws and scripture's universal moral commands—love of God and neighbor—which align with reason's dictates for self-preservation and societal peace.",100,https://www.gutenberg.org/files/1016/1016-h/1016-h.htm,100->91: https://faculty.umb.edu/gary_zabel/Courses/Spinoza/Texts/Spinoza/tpt16.htm,,none,NOT_CHECKED,-,outside priority set and not in the random sample,,,
C260,Political and Theological Philosophy > Separation of Theology and Philosophy,-,"Spinoza critiques clerical interference, where priests claim interpretive monopoly, as fostering intolerance; separating theology's pastoral function from philosophy's rational pursuit ensures neither hampers the other, promoting enlightened governance over fanaticism.",45,https://plato.stanford.edu/entries/spinoza-political/,,,none,NOT_CHECKED,-,outside priority set and not in the random sample,,,
C261,Political and Theological Philosophy > Separation of Theology and Philosophy,-,"Empirical observation of historical religious conflicts, such as those in Spinoza's own Dutch Republic amid Calvinist orthodoxy, underscores his causal reasoning that conflation invites persecution, whereas separation correlates with tolerance and intellectual progress.",98,https://www.cambridge.org/core/books/cambridge-spinoza-lexicon/short-treatise-on-god-man-and-his-wellbeing/524C1FD0D2A30DAA64BBE499D4118D7D,98->89: https://www.earlymoderntexts.com/assets/pdfs/spinoza1669.pdf,,none,NOT_CHECKED,-,outside priority set and not in the random sample,,,
C262,"Political and Theological Philosophy > State Authority, Democracy, and Enlightened Rule",S,"Spinoza conceives state authority as grounded in natural right, which he equates with power or the capacity to act effectively.",45,https://plato.stanford.edu/entries/spinoza-political/,,,read,SUPPORTED,-,SEP (political): natural right equals power (TTP 16; TP 2.3–4),,https://plato.stanford.edu/entries/spinoza-political/,N
C263,"Political and Theological Philosophy > State Authority, Democracy, and Enlightened Rule",-,"In this view, the sovereign's right extends as far as its power to enforce commands, limited only by the practical ability to maintain control over subjects.",45,https://plato.stanford.edu/entries/spinoza-political/,,,none,NOT_CHECKED,-,outside priority set and not in the random sample,,,
C264,"Political and Theological Philosophy > State Authority, Democracy, and Enlightened Rule",-,"The primary purpose of the state is to secure peace and mutual security among individuals, freeing them from the fear and instability of the state of nature where each pursues self-preservation through limited personal power.",45 101,https://plato.stanford.edu/entries/spinoza-political/ ; https://hackettpublishing.com/principles-of-cartesian-philosophy,101->92: https://iep.utm.edu/spin-pol/,,none,NOT_CHECKED,-,outside priority set and not in the random sample,,,
C265,"Political and Theological Philosophy > State Authority, Democracy, and Enlightened Rule",-,"This authority is absolute in principle, as subjects transfer their natural rights to the sovereign in exchange for protection, though the sovereign remains bound by the need to preserve its own power.",101,https://hackettpublishing.com/principles-of-cartesian-philosophy,101->92: https://iep.utm.edu/spin-pol/,,none,NOT_CHECKED,-,outside priority set and not in the random sample,,,
C266,"Political and Theological Philosophy > State Authority, Democracy, and Enlightened Rule",-,"Among forms of government, Spinoza identifies democracy as the most natural and preferable regime.",45 101,https://plato.stanford.edu/entries/spinoza-political/ ; https://hackettpublishing.com/principles-of-cartesian-philosophy,101->92: https://iep.utm.edu/spin-pol/,,none,NOT_CHECKED,-,outside priority set and not in the random sample,,,
C267,"Political and Theological Philosophy > State Authority, Democracy, and Enlightened Rule",P,"In Tractatus Politicus (TP), he argues that democracy best preserves individual liberty while achieving collective stability, as the multitude retains sovereignty by delegating only the exercise of power, not the right itself.",45,https://plato.stanford.edu/entries/spinoza-political/,,,skim,SUPPORTED,-,"SEP (political). The TP's democracy chapter (ch. 11) breaks off unfinished, so ""best preserves"" rests more on TTP 16 and 20",,https://plato.stanford.edu/entries/spinoza-political/,N
C268,"Political and Theological Philosophy > State Authority, Democracy, and Enlightened Rule",S,"This form approximates the equality of the natural state, minimizing alienation and resentment that could undermine authority in more hierarchical systems like monarchy or aristocracy.",45,https://plato.stanford.edu/entries/spinoza-political/,,,skim,SUPPORTED,-,SEP (political),,https://plato.stanford.edu/entries/spinoza-political/,N
C269,"Political and Theological Philosophy > State Authority, Democracy, and Enlightened Rule",-,"Democracy's epistemic advantages arise from broad deliberation in large assemblies, which enhance rational decision-making and reduce factionalism by aligning public and private interests.",45,https://plato.stanford.edu/entries/spinoza-political/,,,none,NOT_CHECKED,-,outside priority set and not in the random sample,,,
C270,"Political and Theological Philosophy > State Authority, Democracy, and Enlightened Rule",-,Spinoza's advocacy for enlightened rule emphasizes institutional designs that promote rational governance without relying on the virtue of rulers.,45,https://plato.stanford.edu/entries/spinoza-political/,,,none,NOT_CHECKED,-,outside priority set and not in the random sample,,,
C271,"Political and Theological Philosophy > State Authority, Democracy, and Enlightened Rule",P,"While full rational enlightenment is rare and a private virtue, the state should foster conditions for reason's exercise, such as freedom of thought and expression, which he deems essential for stability in Tractatus Theologico-Politicus (TTP).",45,https://plato.stanford.edu/entries/spinoza-political/,,,skim,SUPPORTED,-,"SEP (political), TTP 20",,https://plato.stanford.edu/entries/spinoza-political/,N
C272,"Political and Theological Philosophy > State Authority, Democracy, and Enlightened Rule",S,"Rather than enlightened despotism, he favors democratic mechanisms—like councils and checks on power—to channel passions toward peace via rational affects, acknowledging that most citizens are guided by imagination rather than pure reason.",45 101,https://plato.stanford.edu/entries/spinoza-political/ ; https://hackettpublishing.com/principles-of-cartesian-philosophy,101->92: https://iep.utm.edu/spin-pol/,,skim,SUPPORTED,-,Supported by ref 45 (SEP political). Ref [101] is a shifted Hackett PCP page,,https://plato.stanford.edu/entries/spinoza-political/,N
C273,"Political and Theological Philosophy > State Authority, Democracy, and Enlightened Rule",-,"Thus, enlightened rule manifests through structural incentives for the sovereign to prioritize security and tolerance, enabling philosophical inquiry without direct enforcement of rational doctrines.",45,https://plato.stanford.edu/entries/spinoza-political/,,,none,NOT_CHECKED,-,outside priority set and not in the random sample,,,
C274,Major Works and Their Reception > Tractatus Theologico-Politicus (1670),P,The Tractatus Theologico-Politicus was composed by Spinoza between 1665 and 1669 and published anonymously in Amsterdam in 1670 by the printer Jan Rieuwertsz.,5,https://www.cambridge.org/core/books/spinozas-theologicalpolitical-treatise/F44C8F0EA7402357FDA89BA79FDF3A9E,,,read,SUPPORTED,-,"Partial: ref 5 says ""late in 1669 or early in 1670"". Rieuwertsz and 1665 are not in ref 5 but are standard (Ep. 30, 1665)",,https://spinozaweb.org/,N
C275,Major Works and Their Reception > Tractatus Theologico-Politicus (1670),-,"The work spans twenty chapters, with the first fifteen addressing theological topics such as prophecy, miracles, and scriptural interpretation, while the final five focus on political theory, including the foundations of state authority and the role of religion in society.",98,https://www.cambridge.org/core/books/cambridge-spinoza-lexicon/short-treatise-on-god-man-and-his-wellbeing/524C1FD0D2A30DAA64BBE499D4118D7D,98->89: https://www.earlymoderntexts.com/assets/pdfs/spinoza1669.pdf,,none,NOT_CHECKED,-,outside priority set and not in the random sample,,,
C276,Major Works and Their Reception > Tractatus Theologico-Politicus (1670),P,"Spinoza's explicit aim was to demonstrate that ""freedom of judgement is in itself most useful for piety and the peace of the State,"" arguing against clerical interference in philosophical inquiry and state affairs.",98,https://www.cambridge.org/core/books/cambridge-spinoza-lexicon/short-treatise-on-god-man-and-his-wellbeing/524C1FD0D2A30DAA64BBE499D4118D7D,98->89: https://www.earlymoderntexts.com/assets/pdfs/spinoza1669.pdf,,primary,MISCITED,SUPPORTED,"Shift [98] -> 89. The sentence paraphrases the TTP title page and Preface, not chapter 20, and should not be presented as a verbatim quotation without naming a translation. The paraphrase also weakens Spinoza’s claim: freedom cannot be removed without destroying piety and peace.","TTP title page and Preface (Elwes): freedom may be granted without prejudice to peace, while without it piety cannot flourish nor public peace be secure",https://www.gutenberg.org/ebooks/989,Y
C277,Major Works and Their Reception > Tractatus Theologico-Politicus (1670),-,"In the treatise, Spinoza advances a method of biblical hermeneutics grounded in historical and contextual analysis rather than dogmatic presuppositions.",,,,,script,UNCITED,-,no citation; a later sentence in the same paragraph cites 45,,,
C278,Major Works and Their Reception > Tractatus Theologico-Politicus (1670),S,"He contends that the Bible's authors accommodated their teachings to the capacities of ordinary people, conveying moral and political lessons through imaginative language rather than universal philosophical truths.",45,https://plato.stanford.edu/entries/spinoza-political/,,,skim,SUPPORTED,-,"SEP (political), accommodation (TTP 2, 13)",,https://plato.stanford.edu/entries/spinoza-political/,N
C279,Major Works and Their Reception > Tractatus Theologico-Politicus (1670),S,"Prophecy, for Spinoza, arises from vivid imagination rather than superior intellect, serving to promote obedience and social cohesion among the masses, while miracles are events understood within the fixed order of nature, not supernatural interventions.",98,https://www.cambridge.org/core/books/cambridge-spinoza-lexicon/short-treatise-on-god-man-and-his-wellbeing/524C1FD0D2A30DAA64BBE499D4118D7D,98->89: https://www.earlymoderntexts.com/assets/pdfs/spinoza1669.pdf,,skim,MISCITED,SUPPORTED,"Shift [98] -> 89 (TTP chs. 1–2, 6)","TTP chs. 1–2, 6",https://www.earlymoderntexts.com/assets/pdfs/spinoza1669.pdf,N
C280,Major Works and Their Reception > Tractatus Theologico-Politicus (1670),-,"This approach separates the pursuit of certain knowledge—achievable through reason alone—from the variable interpretations of scripture, which should be evaluated empirically based on linguistic, historical, and authorial evidence.",,,,,script,UNCITED,-,no citation anywhere later in its paragraph,,,
C281,Major Works and Their Reception > Tractatus Theologico-Politicus (1670),S,"Politically, Spinoza defends the sovereignty of the state over religious interpretation to maintain peace, asserting that the sovereign holds the right to determine what doctrines are taught publicly, as threats to stability arise from actions, not private thoughts.",45,https://plato.stanford.edu/entries/spinoza-political/,,,skim,SUPPORTED,-,"SEP (political), TTP 19",,https://plato.stanford.edu/entries/spinoza-political/,N
C282,Major Works and Their Reception > Tractatus Theologico-Politicus (1670),-,"He advocates for freedom of thought and expression as compatible with republican governance, provided they do not incite disobedience, and critiques theocratic models by showing how Hebrew polity under Moses integrated religion into civil law for unity, a model ill-suited to diverse modern states.",98,https://www.cambridge.org/core/books/cambridge-spinoza-lexicon/short-treatise-on-god-man-and-his-wellbeing/524C1FD0D2A30DAA64BBE499D4118D7D,98->89: https://www.earlymoderntexts.com/assets/pdfs/spinoza1669.pdf,,none,NOT_CHECKED,-,outside priority set and not in the random sample,,,
C283,Major Works and Their Reception > Tractatus Theologico-Politicus (1670),-,"True piety, in Spinoza's view, consists in justice and charity, not ritual or superstition, aligning ethical conduct with rational self-interest under civil authority.",98,https://www.cambridge.org/core/books/cambridge-spinoza-lexicon/short-treatise-on-god-man-and-his-wellbeing/524C1FD0D2A30DAA64BBE499D4118D7D,98->89: https://www.earlymoderntexts.com/assets/pdfs/spinoza1669.pdf,,none,NOT_CHECKED,-,outside priority set and not in the random sample,,,
C284,Major Works and Their Reception > Tractatus Theologico-Politicus (1670),P,"Upon publication, the treatise elicited immediate condemnation across Dutch provinces, with bans issued by synods and civil authorities in 1670 and 1674 for its perceived atheism and subversion of scripture.",102,https://philosophynow.org/issues/151/Was_Spinoza_Actually_An_Atheist,102->93: https://www.mdpi.com/2409-9287/6/3/67,,read,MISCITED,SUPPORTED,Shift [102] -> 93 (MDPI). It confirms the synodal condemnations of 1670 and the July 1674 ban by the Court of Holland,,https://www.mdpi.com/2409-9287/6/3/67,N
C285,Major Works and Their Reception > Tractatus Theologico-Politicus (1670),-,"Despite efforts to suppress it—including multiple anonymous editions and Spinoza's own denials of authorship—the work circulated widely in intellectual circles, influencing debates on toleration and secular authority, though mainstream religious institutions dismissed it as heretical due to its challenge to traditional interpretive authority.",5,https://www.cambridge.org/core/books/spinozas-theologicalpolitical-treatise/F44C8F0EA7402357FDA89BA79FDF3A9E,,,none,NOT_CHECKED,-,outside priority set and not in the random sample,,,
C286,"Major Works and Their Reception > Ethics Demonstrated in Geometrical Order (1677, posthumous)",-,"Ethics Demonstrated in Geometrical Order, Spinoza's magnum opus, systematically expounds his metaphysical, epistemological, psychological, and ethical doctrines through a deductive framework modeled on Euclidean geometry.",,,,,script,UNCITED,-,no citation; a later sentence in the same paragraph cites 59 74,,,
C287,"Major Works and Their Reception > Ethics Demonstrated in Geometrical Order (1677, posthumous)",P,"Composed in Latin between approximately 1661 and 1675, the treatise was published posthumously in 1677 as part of his Opera Posthuma, following his death on February 21, 1677, due to concerns over censorship and personal safety amid accusations of atheism.",59 74,https://iep.utm.edu/spinoz-m/ ; https://www.earlymoderntexts.com/assets/pdfs/spinoza1665.pdf,,,skim,SUPPORTED,-,IEP; Bennett Ethics; Opera Posthuma 1677,,https://iep.utm.edu/spinoz-m/,N
C288,"Major Works and Their Reception > Ethics Demonstrated in Geometrical Order (1677, posthumous)",-,"The work aims to demonstrate, via rigorous proofs, the nature of reality, human cognition, emotions, and the path to human freedom and beatitude, asserting that true knowledge and virtue arise from understanding the necessary order of nature.",59,https://iep.utm.edu/spinoz-m/,,,none,NOT_CHECKED,-,outside priority set and not in the random sample,,,
C289,"Major Works and Their Reception > Ethics Demonstrated in Geometrical Order (1677, posthumous)",P,"Spinoza employs a geometrical method, beginning each part with definitions of key terms (e.g., substance, attribute, mode), axioms as self-evident truths, and then deriving propositions—hundreds in total—supported by demonstrations, corollaries, and explanatory scholia.",,,,,skim,UNCITED,-,Correct,,https://www.gutenberg.org/ebooks/3800,N
C290,"Major Works and Their Reception > Ethics Demonstrated in Geometrical Order (1677, posthumous)",S,"This approach seeks to eliminate ambiguity and reliance on empirical contingency, mirroring mathematical certainty to reveal the eternal truths of Deus sive Natura (God or Nature).",103 104,https://philarchive.org/archive/PETSMO-2 ; https://academic.oup.com/book/58063/chapter/477641569,103->94: https://www.philosophers.world/spinoza/ethics.html ; 104->95: http://dbanach.com/archive/mickelsen/spinozas_method.html,,skim,MISCITED,SUPPORTED,Shift [103][104] -> 94/95 (generic matches on the geometric method),,https://www.philosophers.world/spinoza/ethics.html,N
C291,"Major Works and Their Reception > Ethics Demonstrated in Geometrical Order (1677, posthumous)",P,"Propositions build sequentially; for instance, Proposition 7 in Part I states that ""the order and connection of ideas is the same as the order and connection of things,"" establishing mind-body parallelism.",74,https://www.earlymoderntexts.com/assets/pdfs/spinoza1665.pdf,,,primary,MISCITED,-,"""The order and connection of ideas is the same as the order and connection of things"" is E2P7, not Part I Prop 7. The cited ref 74 (Bennett Ethics) has it under Part II. The article itself gives E1P7 correctly in C183",E2P7,https://www.gutenberg.org/ebooks/3800,Y
C292,"Major Works and Their Reception > Ethics Demonstrated in Geometrical Order (1677, posthumous)",-,The treatise divides into five parts.,,,,,script,UNCITED,-,no citation; a later sentence in the same paragraph cites 59,,,
C293,"Major Works and Their Reception > Ethics Demonstrated in Geometrical Order (1677, posthumous)",P,"Part I, ""Of God,"" posits a single infinite substance—God—with infinite attributes, of which humans perceive only thought and extension; modes are affections of this substance, rejecting finite independent entities or a personal deity acting by will.",59,https://iep.utm.edu/spinoz-m/,,,primary,SUPPORTED,-,Part I content is correct. Part titles throughout mix Elwes and Curley wording,,https://www.gutenberg.org/ebooks/3800,N
C294,"Major Works and Their Reception > Ethics Demonstrated in Geometrical Order (1677, posthumous)",P,"Part II, ""On the Nature and Origin of the Mind,"" argues the human mind is the idea of the body, with knowledge progressing from imagination (inadequate), reason (adequate), to intuitive science of essences.",70,https://iep.utm.edu/spino-ep/,,,skim,SUPPORTED,-,IEP epistemology; E2P13 (mind as idea of body),,https://iep.utm.edu/spino-ep/,N
C295,"Major Works and Their Reception > Ethics Demonstrated in Geometrical Order (1677, posthumous)",P,"Part III, ""On the Origin and Nature of the Affects,"" defines affects as transitions in the power of acting rooted in conatus—the striving to persevere in being—classifying emotions like desire, joy, and sadness as modifications of this effort.",103,https://philarchive.org/archive/PETSMO-2,103->94: https://www.philosophers.world/spinoza/ethics.html,,primary,MISCITED,SUPPORTED,Shift [103] -> 94. E3 content is correct,,https://www.gutenberg.org/ebooks/3800,N
C296,"Major Works and Their Reception > Ethics Demonstrated in Geometrical Order (1677, posthumous)",P,"Part IV, ""Of Human Bondage, or the Strength of the Affects,"" examines how passive affects enslave individuals to external causes, defining virtue as acting from one's nature alone and good/evil as what increases or diminishes power of acting, respectively.",59,https://iep.utm.edu/spinoz-m/,,,skim,SUPPORTED,-,IEP; E4D8 virtue,,https://iep.utm.edu/spinoz-m/,N
C297,"Major Works and Their Reception > Ethics Demonstrated in Geometrical Order (1677, posthumous)",P,"Part V, ""On the Power of the Intellect, or Human Freedom,"" culminates in the intellect's supremacy over passions via adequate ideas, leading to the amor Dei intellectualis (intellectual love of God), eternal persistence of the mind's essence, and supreme beatitude as self-caused joy.",103,https://philarchive.org/archive/PETSMO-2,103->94: https://www.philosophers.world/spinoza/ethics.html,,primary,MISCITED,SUPPORTED,Shift [103] -> 94. E5 content is correct (E5P32C–36),,https://www.gutenberg.org/ebooks/3800,N
C298,"Major Works and Their Reception > Ethics Demonstrated in Geometrical Order (1677, posthumous)",S,"Freedom emerges not as free will but as living according to reason's necessity, aligning with nature's deterministic laws.",59,https://iep.utm.edu/spinoz-m/,,,skim,SUPPORTED,-,IEP,,https://iep.utm.edu/spinoz-m/,N
C299,"Major Works and Their Reception > Ethics Demonstrated in Geometrical Order (1677, posthumous)",P,"Upon publication, Ethics provoked outrage for its apparent pantheism and denial of divine transcendence, prompting condemnations from religious authorities and bans in the Netherlands; Leibniz praised its rigor privately but distanced publicly.",105,https://philarchive.org/archive/GOOSNAv1,105->96: https://daily.jstor.org/nice-guy-spinoza-finishes-first/,,read,MISCITED,SUPPORTED,Shift [105] -> 96 (JSTOR Daily). Posthumous works banned by the States of Holland on 25 June 1678,"States of Holland placard, 25 June 1678",https://spinozaweb.org/works/date/asc,N
C300,"Major Works and Their Reception > Ethics Demonstrated in Geometrical Order (1677, posthumous)",P,"Despite initial suppression, it laid foundations for rationalist ethics, influencing figures like Hegel and Einstein, who admired its impersonal cosmic necessity.",59,https://iep.utm.edu/spinoz-m/,,,skim,MISCITED,-,IEP metaphysics (ref 59) does not mention Hegel or Einstein,,,N
C301,"Major Works and Their Reception > Tractatus Politicus (unfinished, posthumous)",P,"The Tractatus Politicus, also known as the Political Treatise, represents Spinoza's final major work on political philosophy, composed between approximately 1675 and 1677 and published posthumously in 1677 as part of his Opera Posthuma.",45,https://plato.stanford.edu/entries/spinoza-political/,,,read,SUPPORTED,-,SEP (political) on the TP,,https://plato.stanford.edu/entries/spinoza-political/,N
C302,"Major Works and Their Reception > Tractatus Politicus (unfinished, posthumous)",P,"Unlike the earlier Tractatus Theologico-Politicus, which emphasized theological critique to defend philosophical freedom, the Tractatus Politicus focuses directly on the natural foundations of the state and the optimal organization of political regimes to secure peace and individual empowerment.",45,https://plato.stanford.edu/entries/spinoza-political/,,,skim,SUPPORTED,-,SEP (political),,https://plato.stanford.edu/entries/spinoza-political/,N
C303,"Major Works and Their Reception > Tractatus Politicus (unfinished, posthumous)",-,"Spinoza intended it for a philosophical audience, employing a more scientific, causal approach to explain political phenomena without reliance on social contract theory.",45,https://plato.stanford.edu/entries/spinoza-political/,,,none,NOT_CHECKED,-,outside priority set and not in the random sample,,,
C304,"Major Works and Their Reception > Tractatus Politicus (unfinished, posthumous)",-,"Spinoza structures the treatise in eleven chapters, beginning with foundational principles derived from human nature and concluding with analyses of specific government forms, though it remains unfinished.",,,,,script,UNCITED,-,no citation; a later sentence in the same paragraph cites 45 101,,,
C305,"Major Works and Their Reception > Tractatus Politicus (unfinished, posthumous)",P,"Chapters 1–4 establish the metaphysical basis, asserting that human actions stem from the conatus—the innate drive to persevere in existence—and that natural right is coextensive with power or capability, meaning individuals possess the right to do whatever they have the power to accomplish in the state of nature.",45 101,https://plato.stanford.edu/entries/spinoza-political/ ; https://hackettpublishing.com/principles-of-cartesian-philosophy,101->92: https://iep.utm.edu/spin-pol/,,skim,SUPPORTED,-,"SEP (political), TP 1–4",,https://plato.stanford.edu/entries/spinoza-political/,N
C306,"Major Works and Their Reception > Tractatus Politicus (unfinished, posthumous)",P,"Chapter 5 delineates the state's primary ends: to enable citizens to live securely, avoid mutual harm, and pursue rational ends without fear, thereby augmenting collective power against external threats and internal discord.",45,https://plato.stanford.edu/entries/spinoza-political/,,,skim,SUPPORTED,-,"SEP (political), TP 5",,https://constitution.org/2-Authors/bs/poltr-02.htm,N
C307,"Major Works and Their Reception > Tractatus Politicus (unfinished, posthumous)",-,"The state emerges not from rational agreement but from the necessities of human weakness and shared passions, as solitary individuals cannot adequately defend their conatus.",45 101,https://plato.stanford.edu/entries/spinoza-political/ ; https://hackettpublishing.com/principles-of-cartesian-philosophy,101->92: https://iep.utm.edu/spin-pol/,,none,NOT_CHECKED,-,outside priority set and not in the random sample,,,
C308,"Major Works and Their Reception > Tractatus Politicus (unfinished, posthumous)",P,"In chapters 6–11, Spinoza evaluates monarchy, aristocracy, and democracy as practical regimes, prioritizing stability and the accommodation of human passions over idealized rationality.",,,,,primary,UNCITED,-,TP chs. 6–11. Correct,,https://constitution.org/2-Authors/bs/poltr-02.htm,N
C309,"Major Works and Their Reception > Tractatus Politicus (unfinished, posthumous)",P,"Monarchy, critiqued for risks of arbitrary rule, requires constitutional safeguards such as large advisory councils and laws against corruption to prevent sovereign overreach (TP 6.15–30).",45,https://plato.stanford.edu/entries/spinoza-political/,,,primary,SUPPORTED,-,TP 6.15ff (king's council),,https://constitution.org/2-Authors/bs/poltr-02.htm,N
C310,"Major Works and Their Reception > Tractatus Politicus (unfinished, posthumous)",P,"Aristocracy fares better in decentralized forms like the Dutch United Provinces, with broad councils to balance elite interests and ensure decisions reflect collective reason (TP 8–9).",45,https://plato.stanford.edu/entries/spinoza-political/,,,read,SUPPORTED,-,SEP: centralized (Venetian-model) vs decentralized aristocracy (TP 8–9),,https://plato.stanford.edu/entries/spinoza-political/,N
C311,"Major Works and Their Reception > Tractatus Politicus (unfinished, posthumous)",P,"Democracy, deemed the most natural and liberty-preserving form, aligns closest with equality in the state of nature but excludes those not sui iuris (independent), such as women and servants; Spinoza's discussion halts abruptly in chapter 11, likely due to his death on February 21, 1677.",45 101,https://plato.stanford.edu/entries/spinoza-political/ ; https://hackettpublishing.com/principles-of-cartesian-philosophy,101->92: https://iep.utm.edu/spin-pol/,,primary,SUPPORTED,-,TP 11.3 excludes women and servants/slaves,,https://constitution.org/2-Authors/bs/poltr-02.htm,N
C312,"Major Works and Their Reception > Tractatus Politicus (unfinished, posthumous)",P,"Throughout, Spinoza subordinates religion to politics, advocating a minimal ""civil faith"" or universal doctrines to foster obedience and social cohesion without dogmatic interference in governance (TP 8.46).",45,https://plato.stanford.edu/entries/spinoza-political/,,,primary,SUPPORTED,-,"TP 8.46 (patricians of ""that most simple and general religion""); TTP 14",,https://constitution.org/2-Authors/bs/poltr-02.htm,N
C313,"Major Works and Their Reception > Tractatus Politicus (unfinished, posthumous)",P,"Freedom of thought persists under any stable regime, but political liberty consists in living securely under laws assented to by rational participation, distinguishing his view from Hobbesian absolutism by permitting resistance if it enhances communal power (TP 16:204).",101,https://hackettpublishing.com/principles-of-cartesian-philosophy,101->92: https://iep.utm.edu/spin-pol/,,primary,MISCITED,MISCITED,"Shift [101] -> 92 (IEP political). The TP has only 11 chapters, so “TP 16:204” cannot exist; it probably means TTP ch. 16 plus a page number. TTP 16 tells subjects to obey even absurd commands. The limits on sovereign power are TP 3.9, 4.4 and 4.6, where general indignation is decisive.","TP 3.9, 4.4 and 4.6 (sovereign loses right when it provokes general indignation); TTP 16 for natural right",https://constitution.org/2-Authors/bs/poltr-02.htm,Y
C314,"Major Works and Their Reception > Tractatus Politicus (unfinished, posthumous)",P,"This pragmatic realism underscores that effective states harness passions for mutual benefit, rendering the Tractatus Politicus a bold defense of republican principles amid Spinoza's era of political upheaval in the Dutch Republic.",45 101,https://plato.stanford.edu/entries/spinoza-political/ ; https://hackettpublishing.com/principles-of-cartesian-philosophy,101->92: https://iep.utm.edu/spin-pol/,,skim,SUPPORTED,-,SEP (political),,https://plato.stanford.edu/entries/spinoza-political/,N
C315,Major Works and Their Reception > Shorter Works and Letters,P,"Spinoza's shorter works consist of early treatises that outline key elements of his methodology and metaphysics, many left unpublished during his lifetime and included in posthumous collections such as the Opera Posthuma of 1677.",,,,,skim,UNCITED,-,Correct,,,N
C316,Major Works and Their Reception > Shorter Works and Letters,P,"These include the Treatise on the Emendation of the Intellect (Tractatus de Intellectus Emendatione, c. 1661–1662), an unfinished methodological essay; the Short Treatise on God, Man, and His Well-Being (Korte Verhandeling van God, de Mensch en deszelvs Welstand, c. 1660), drafted in Dutch; and the Principles of Cartesian Philosophy (Renati des Cartes Principiorum Philosophiae, 1663), with its appendix Metaphysical Thoughts.",106 107,https://newhumanist.org.uk/articles/964/spinoza-the-atheist ; https://academic.oup.com/fs/article/77/1/121/6754813,106->97: https://www.hackettpublishing.com/the-complete-works ; 107->98: https://www.cambridge.org/core/books/cambridge-spinoza-lexicon/short-treatise-on-god-man-and-his-wellbeing/524C1FD0D2A30DAA64BBE499D4118D7D,,skim,MISCITED,SUPPORTED,Shift [106][107] -> 97/98 (Hackett Complete Works contents; Cambridge Lexicon). The TIE's c. 1661–62 date is disputed,TIE dating disputed (c. 1656–58 vs 1661–62),https://www.gutenberg.org/ebooks/1016,N
C317,Major Works and Their Reception > Shorter Works and Letters,P,"The Treatise on the Emendation of the Intellect seeks to establish a reliable method for attaining true knowledge by identifying and rectifying errors in understanding, prioritizing the criterion of clear and distinct ideas over sensory experience or imagination.",,,,,primary,UNCITED,-,TIE aims. Correct,,https://www.gutenberg.org/ebooks/1016,N
C318,Major Works and Their Reception > Shorter Works and Letters,-,"Spinoza argues that intellectual perfection requires selecting ideas that lead to the highest good, namely the knowledge of God or Nature, prefiguring the demonstrative structure of his later Ethics.",,,,,script,UNCITED,-,no citation; a later sentence in the same paragraph cites 108 109,,,
C319,Major Works and Their Reception > Shorter Works and Letters,S,"Its incomplete state—ending abruptly after discussing doubt and truth—reflects Spinoza's shift toward more systematic works, yet it remains significant for illuminating his epistemology of adequacy and inadequacy in ideas.",108 109,https://philarchive.org/archive/MELTCO-14 ; https://alioshabielenberg.com/spinoza-conatus-and-ethics-in-a-world-of-absolute-necessity/,108->99: https://www.cambridge.org/core/books/cambridge-spinoza-lexicon/treatise-on-the-emendation-of-the-intellect/E931822ABFB48CF29805A8E4E18486F8 ; 109->100: https://www.gutenberg.org/files/1016/1016-h/1016-h.htm,,primary,MISCITED,SUPPORTED,Shift [108][109] -> 99/100 (TIE text). It breaks off unfinished,,https://www.gutenberg.org/ebooks/1016,N
C320,Major Works and Their Reception > Shorter Works and Letters,-,"Composed as an accessible summary for associates, the Short Treatise expounds Spinoza's substance monism, asserting God as the sole infinite substance encompassing all attributes and modes, with human blessedness achieved via rational comprehension of this unity rather than through faith or passions.",,,,,script,UNCITED,-,no citation; a later sentence in the same paragraph cites 107,,,
C321,Major Works and Their Reception > Shorter Works and Letters,-,"Divided into parts on God, the soul, and human welfare, it bridges Cartesian influences with Spinoza's emerging pantheistic framework, emphasizing affects and the path to freedom through adequate knowledge.",,,,,script,UNCITED,-,no citation; a later sentence in the same paragraph cites 107,,,
C322,Major Works and Their Reception > Shorter Works and Letters,-,"Though not geometrically ordered, it anticipates core Ethics doctrines like the eternity of the mind and intellectual love of God.",107,https://academic.oup.com/fs/article/77/1/121/6754813,107->98: https://www.cambridge.org/core/books/cambridge-spinoza-lexicon/short-treatise-on-god-man-and-his-wellbeing/524C1FD0D2A30DAA64BBE499D4118D7D,,none,NOT_CHECKED,-,outside priority set and not in the random sample,,,
C323,Major Works and Their Reception > Shorter Works and Letters,-,"The Principles of Cartesian Philosophy systematically reconstructs Descartes' Principles of Philosophy using Euclidean deduction, covering topics from substance and attributes to motion and cosmology, while the appended Metaphysical Thoughts critiques Cartesian mind-body dualism and introduces Spinozistic views on the soul's union with body as extension of divine nature.",,,,,script,UNCITED,-,no citation; a later sentence in the same paragraph cites 110,,,
C324,Major Works and Their Reception > Shorter Works and Letters,P,"Published anonymously to aid instruction, this work demonstrates Spinoza's pedagogical approach and early mastery of geometrical method, revealing tensions with Descartes on free will, error, and the eternity of matter.",110,https://philarchive.org/archive/LUCSEF-2,110->101: https://hackettpublishing.com/principles-of-cartesian-philosophy,,read,MISCITED,UNSUPPORTED,"Shift [110] -> 101 (Hackett PCP page). “Published anonymously” is wrong: the 1663 PCP carried Spinoza’s name and was the only work published under his name in his lifetime, with Meyer's preface (IEP, ref 11).","PCP published under Spinoza’s name in 1663, the only work published under his name in his lifetime",https://iep.utm.edu/spinoza/,Y
C325,Major Works and Their Reception > Shorter Works and Letters,P,"Spinoza maintained an active correspondence from 1661 until his death, with 88 letters surviving—50 authored by him and 38 from recipients—primarily in Latin and addressing philosophical, theological, and scientific queries.",,,,,read,UNCITED,-,88 letters (EMLO). The 50/38 split was not verified,,http://emlo-portal.bodleian.ox.ac.uk/collections/?catalogue=baruch-spinoza,N
C326,Major Works and Their Reception > Shorter Works and Letters,P,"Published posthumously in the Opera Posthuma, these epistles clarify ambiguities in his treatises, defend against misunderstandings, and engage critics.",,,,,skim,UNCITED,-,Opera Posthuma included the letters. Correct,,,N
C327,Major Works and Their Reception > Shorter Works and Letters,P,"Notable exchanges include 13 letters with Henry Oldenburg (1661–1665), discussing optics, the vacuum, and biblical interpretation; four with Willem van Blyenbergh (1664–1665) on evil's necessity within divine nature and human sin; and communications with Jarig Jelles and others on epistemology and ethics.",,,,,read,UNCITED,-,"“13 letters with Oldenburg” and “four with Blyenbergh” are wrong. The standard numbering has exactly 28 Oldenburg letters, 18 in 1661–65, and 8 Blyenbergh letters (Epp. 18–24, 27).","Oldenburg exactly 28 (18 in 1661–65); Blyenbergh 8 (Epp. 18–24, 27)",https://www.earlymoderntexts.com/assets/pdfs/spinoza1661.pdf,Y
C328,Major Works and Their Reception > Shorter Works and Letters,P,"Letters to Gottfried Wilhelm Leibniz (late 1670s) touch on infinite attributes and the soul's immortality, providing rare glimpses into Spinoza's unpublished Ethics.",,,,,read,UNCITED,-,"The surviving Leibniz–Spinoza letters are Epp. 45–46 (Oct–Nov 1671, optics), not late-1670s letters. “Around 1676” is not baseless for the broader contact: Leibniz sought the Ethics through Schuller in Nov 1675 (Epp. 70, 72) and visited in c. 18–21 Nov 1676.","Epp. 45–46 (Oct–Nov 1671, optics); Ethics sought through Schuller Nov 1675 (Epp. 70, 72); visit c. 18–21 Nov 1676",https://www.earlymoderntexts.com/assets/pdfs/spinoza1661.pdf,Y
C329,Major Works and Their Reception > Shorter Works and Letters,S,"This corpus underscores his collaborative yet guarded style, often withholding full revelations to avoid controversy.",49,http://emlo-portal.bodleian.ox.ac.uk/collections/?catalogue=baruch-spinoza,,,skim,MISCITED,-,"The EMLO collection page describes the corpus but says nothing about a ""guarded style""",,,N
C330,Major Works and Their Reception > Shorter Works and Letters,P,"Among Spinoza's lesser-known works is the Compendium Grammatices Linguae Hebraeae (Compendium of the Grammar of the Hebrew Language), an unfinished treatise on Hebrew grammar left incomplete at his death in 1677 from pulmonary issues caused by lens-grinding dust.",,,,,skim,UNCITED,-,"Compendium Grammatices, unfinished. Correct",,,N
C331,Major Works and Their Reception > Shorter Works and Letters,P,"Published posthumously that year in his Opera Posthuma, the work reflects his lifelong engagement with Hebrew, the language from which he was expelled in 1656.",,,,,skim,UNCITED,-,"OP 1677 is correct. ""The language from which he was expelled"" is loaded and inaccurate: he was expelled from a community, not a language (F-07)",,,N
C332,Major Works and Their Reception > Shorter Works and Letters,-,"Spinoza innovatively argued that nearly all Hebrew words function as nouns (with force of signification under the intellect), except for a few particles, challenging traditional grammatical categories and possibly influenced by his philosophical monism.",,,,,script,UNCITED,-,no citation anywhere later in its paragraph,,,
C333,Major Works and Their Reception > Shorter Works and Letters,P,"Intended perhaps to be demonstrated more geometrico like the Ethics, it represents an ""open project"" of systematizing and loving description of the language of his origins, deferred in synthesis of Jewish, Christian, and Islamic monotheisms.",,,,,skim,UNCITED,-,"Puts ""open project"" in quotation marks with no source",,,N
C334,Philosophical Controversies > Debate over Pantheism versus Atheism,P,"Spinoza's philosophical system, particularly in the Ethics (1677), centers on the identification of God with Nature, encapsulated in the phrase Deus sive Natura (""God or Nature""), which posits that God is the infinite substance comprising all reality, with finite things as modes thereof.",111,https://journals.ku.edu/auslegung/article/download/12910/12206/25541,111->102: https://philosophynow.org/issues/151/Was_Spinoza_Actually_An_Atheist,,skim,MISCITED,SUPPORTED,"Shift [111] -> 102 (natura naturans, Deus sive Natura)",,https://www.gutenberg.org/ebooks/3800,N
C335,Philosophical Controversies > Debate over Pantheism versus Atheism,P,"This doctrine has fueled a persistent debate over whether Spinoza espoused pantheism—a view equating God with the totality of existence—or atheism, by effectively dissolving a transcendent, personal deity into impersonal natural processes.",112,https://www.jstor.org/stable/44148500,112->103: https://philarchive.org/archive/PETSMO-2,,none,MISCITED,UNVERIFIABLE,Shift [112] -> 103 (bot-blocked),,,N
C336,Philosophical Controversies > Debate over Pantheism versus Atheism,-,"Proponents of the pantheist interpretation argue that Spinoza explicitly affirms God's existence as the necessary, eternal substance underlying all things, distinguishing his view from outright denial of divinity, though it rejects anthropomorphic conceptions.",111,https://journals.ku.edu/auslegung/article/download/12910/12206/25541,111->102: https://philosophynow.org/issues/151/Was_Spinoza_Actually_An_Atheist,,none,NOT_CHECKED,-,outside priority set and not in the random sample,,,
C337,Philosophical Controversies > Debate over Pantheism versus Atheism,P,"Contemporary critics, including the Amsterdam Jewish community that excommunicated Spinoza on July 27, 1656, and later Christian authorities who banned his Tractatus Theologico-Politicus (1670) in multiple jurisdictions by 1674, accused him of atheism for portraying God as devoid of will, intellect directed toward creation, or capacity for miracles, rendering traditional religious narratives incompatible with his deterministic naturalism.",3,https://www.neh.gov/article/why-spinoza-was-excommunicated,,,skim,SUPPORTED,-,NEH (herem); TTP banned 1674,,https://www.neh.gov/article/why-spinoza-was-excommunicated,N
C338,Philosophical Controversies > Debate over Pantheism versus Atheism,-,"These charges stemmed from Spinoza's rejection of divine providence and teleology, interpreting Deus sive Natura as a rhetorical mask for materialist irreligion that undermines scriptural authority and moral accountability to a personal God.",113,https://www.quod.lib.umich.edu/e/ergo/12405314.0002.015/--leibniz-spinoza-and-an-alleged-dilemma-for-rationalists?rgn=main%3Bview=fulltext,113->104: https://academic.oup.com/book/58063/chapter/477641569,,none,NOT_CHECKED,-,outside priority set and not in the random sample,,,
C339,Philosophical Controversies > Debate over Pantheism versus Atheism,P,"In the 18th century, the Pantheismusstreit (Pantheism Controversy) of 1785, triggered by Friedrich Heinrich Jacobi's revelation of Gotthold Ephraim Lessing's Spinozist leanings, revived accusations of atheism, with Jacobi equating Spinozism to fatalism and godlessness, though figures like Johann Wolfgang von Goethe defended it as a profound, immanent divinity.",114,https://www.jstor.org/stable/2180831,114->105: https://philarchive.org/archive/GOOSNAv1,,none,MISCITED,UNVERIFIABLE,"Shift [114] -> 105 (bot-blocked). The fact is correct: Jacobi, Über die Lehre des Spinoza (1785)",,,N
C340,Philosophical Controversies > Debate over Pantheism versus Atheism,S,"Modern scholarly assessments remain divided, with some, like those emphasizing Spinoza's geometrical demonstrations of God's necessity in the Ethics, rejecting atheistic labels as anachronistic, arguing that his system constitutes a rigorous theism stripped of superstition, akin to non-theistic monotheism.",111 112,https://journals.ku.edu/auslegung/article/download/12910/12206/25541 ; https://www.jstor.org/stable/44148500,111->102: https://philosophynow.org/issues/151/Was_Spinoza_Actually_An_Atheist ; 112->103: https://philarchive.org/archive/PETSMO-2,,skim,MISCITED,SUPPORTED,Shift [111][112] -> 102/103 (102 discusses whether Spinoza believed in God),,https://plato.stanford.edu/entries/spinoza/,N
C341,Philosophical Controversies > Debate over Pantheism versus Atheism,P,"Others contend that, historically and substantively, Spinoza's impersonal God equates to atheism, as it precludes worship, prayer, or ethical imperatives derived from divine command, aligning more with naturalistic ontology than theistic metaphysics; for instance, his denial of God's transcendence implies no supernatural realm, effectively secularizing ontology.",115,https://jmphil.org/article/id/2133/,115->106: https://newhumanist.org.uk/articles/964/spinoza-the-atheist,,skim,MISCITED,SUPPORTED,"Shift [115] -> 106 (no traditional theistic God). The ""equates to atheism"" side is stated as if settled (see F-05)",,https://plato.stanford.edu/entries/spinoza/,N
C342,Philosophical Controversies > Debate over Pantheism versus Atheism,P,"This tension persists, with interpretations varying by whether one prioritizes Spinoza's terminology—affirming ""God""—or the causal implications of his monism, which causal realism suggests renders divine personality causally inert and thus nonexistent in orthodox terms.",116,https://muse.jhu.edu/article/388281/summary,116->107: https://academic.oup.com/fs/article/77/1/121/6754813,,none,MISCITED,UNVERIFIABLE,"Shift [116] -> 107 (unreadable). ""Causal realism"" framing (see F-06)",,,N
C343,Philosophical Controversies > Debate over Pantheism versus Atheism,P,"Despite such debates, Spinoza's framework has influenced subsequent pantheistic traditions, including Einstein's admiration for its harmony with scientific determinism, without resolving the atheism charge.",114,https://www.jstor.org/stable/2180831,114->105: https://philarchive.org/archive/GOOSNAv1,,none,MISCITED,UNVERIFIABLE,Shift [114] -> 105 (bot-blocked),,,N
C344,Philosophical Controversies > Determinism and Implications for Free Will and Morality,P,"Spinoza's determinism asserts that the universe operates under strict necessity, with every event and action resulting from an unbroken chain of causes originating in the essence of God or Nature (Deus sive Natura), as demonstrated in Part I of his Ethics (1677).",12,https://plato.stanford.edu/entries/spinoza/,,,skim,SUPPORTED,-,"SEP; E1P29, E1P33",,https://plato.stanford.edu/entries/spinoza/,N
C345,Philosophical Controversies > Determinism and Implications for Free Will and Morality,-,"Nothing occurs contingently; the order of nature follows eternally and immutably from God's attributes, rendering all things determined without exception or randomness.",79,https://iep.utm.edu/spinoza-free-will-determinism/,,,none,NOT_CHECKED,-,outside priority set and not in the random sample,,,
C346,Philosophical Controversies > Determinism and Implications for Free Will and Morality,-,"This causal realism precludes any uncaused or arbitrary elements, as finite modes like human beings are modifications of the one substance, compelled by external causes alongside their internal striving.",12,https://plato.stanford.edu/entries/spinoza/,,,none,NOT_CHECKED,-,outside priority set and not in the random sample,,,
C347,Philosophical Controversies > Determinism and Implications for Free Will and Morality,P,"Spinoza rejects the traditional notion of free will, viewing it as an illusion born of inadequate knowledge of determining causes.",,,,,primary,UNCITED,-,E1 Appendix; E2P35S. Correct,,https://www.gutenberg.org/ebooks/3800,N
C348,Philosophical Controversies > Determinism and Implications for Free Will and Morality,P,"In Ethics Part II, Propositions 48 and 49, he argues that the human mind is determined by causes of which it is often ignorant, leading to the false belief in self-determination; the will is merely an appetite of which one is conscious, not a free faculty distinct from understanding or desire.",117,https://www.3-16am.co.uk/articles/having-cake-and-eating-it-with-hume-and-spinoza,117->108: https://philarchive.org/archive/MELTCO-14,,primary,MISCITED,UNVERIFIABLE,"Shift [117] -> 108 (bot-blocked). E2P49C says will and understanding are one. E2P48S says will is the faculty of affirming, “not the desire”; E3P9S calls striving related to the mind alone “will”. The article both mislocates the line and runs will together with desire.","E2P48S, E2P49C and E3P9S: will is affirmation/intellect, while desire is treated in E3P9S",https://www.gutenberg.org/ebooks/3800,Y
C349,Philosophical Controversies > Determinism and Implications for Free Will and Morality,-,"True freedom, by contrast, consists not in indeterminism but in acting solely from the necessity of one's own nature, free from passive external compulsions—achieved through adequate ideas that comprehend necessity rather than resisting it.",79,https://iep.utm.edu/spinoza-free-will-determinism/,,,none,NOT_CHECKED,-,outside priority set and not in the random sample,,,
C350,Philosophical Controversies > Determinism and Implications for Free Will and Morality,-,"This intellectual liberation aligns the individual with the eternal order, transforming bondage to passions into active self-determination under reason.",12,https://plato.stanford.edu/entries/spinoza/,,,none,NOT_CHECKED,-,outside priority set and not in the random sample,,,
C351,Philosophical Controversies > Determinism and Implications for Free Will and Morality,P,"For morality, Spinoza grounds ethics in the conatus doctrine: every thing, as far as it is in itself, strives to persevere in its being (Ethics Part III, Proposition 6), with human essence defined by this rational appetite to increase one's power of acting.",118,https://philosophy.stackexchange.com/questions/65802/what-are-some-critiques-of-spinoza-that-are-generally-regarded-as-holding-weight,118->109: https://alioshabielenberg.com/spinoza-conatus-and-ethics-in-a-world-of-absolute-necessity/,,primary,MISCITED,SUPPORTED,Shift [118] -> 109 (conatus paper). E3P6 is correct,,https://www.gutenberg.org/ebooks/3800,N
C352,Philosophical Controversies > Determinism and Implications for Free Will and Morality,P,"Virtue equates to this self-preserving power exercised through reason, where good is whatever aids the conatus (e.g., knowledge and social utility) and evil whatever diminishes it, independent of arbitrary divine commands or uncaused choices.",119,https://www.crisiscritique.org/storage/app/media/2021-07-09/60e83c3c0bb0d077702222.pdf,119->110: https://philarchive.org/archive/LUCSEF-2,,primary,MISCITED,UNVERIFIABLE,"Shift [119] -> 110 (bot-blocked). Content correct (E4D1–2, E4P20)",,https://www.gutenberg.org/ebooks/3800,N
C353,Philosophical Controversies > Determinism and Implications for Free Will and Morality,-,"Moral responsibility thus shifts from blameworthy free choices to causal understanding; actions are praiseworthy or blameworthy only insofar as they promote or hinder communal perseverance, serving as heuristic fictions for social order rather than absolute truths.",120,https://www.ias.edu/ideas/2007/israel-spinoza,120->111: https://journals.ku.edu/auslegung/article/download/12910/12206/25541,,none,NOT_CHECKED,-,outside priority set and not in the random sample,,,
C354,Philosophical Controversies > Determinism and Implications for Free Will and Morality,S,"Ultimate beatitude arises from the intellectual love of God, a joyful acquiescence in necessity that eternally affirms one's place in the causal whole.",12,https://plato.stanford.edu/entries/spinoza/,,,skim,SUPPORTED,-,SEP; E5P32C–36,,https://plato.stanford.edu/entries/spinoza/,N
C355,Philosophical Controversies > Critiques of Spinoza's System from Rationalist and Empirical Standpoints,P,"Leibniz, a fellow rationalist, critiqued Spinoza's necessitarianism as undermining contingency and divine freedom, arguing that Spinoza's identification of God with an eternally determining nature precludes alternative possible worlds and fails to explain the actual world's existence over others.",121,https://www.mhra.org.uk/pdf/wph-2-1.pdf,121->112: https://www.jstor.org/stable/44148500,,none,MISCITED,UNVERIFIABLE,Shift [121] -> 112 (unreadable),,,N
C356,Philosophical Controversies > Critiques of Spinoza's System from Rationalist and Empirical Standpoints,P,"Leibniz maintained that God's choice among infinite possibilities, guided by moral necessity rather than logical compulsion, preserves both the principle of sufficient reason and genuine alternatives, contrasting Spinoza's view where all events follow inexorably from divine essence without room for unactualized potentials.",122,https://www.leftvoice.org/spinozas-radical-enlightenment/,122->113: https://www.quod.lib.umich.edu/e/ergo/12405314.0002.015/--leibniz-spinoza-and-an-alleged-dilemma-for-rationalists?rgn=main%3Bview=fulltext,,none,MISCITED,UNVERIFIABLE,Shift [122] -> 113 (bot-blocked),,,N
C357,Philosophical Controversies > Critiques of Spinoza's System from Rationalist and Empirical Standpoints,P,"Cartesian rationalists, adhering to substance dualism, rejected Spinoza's monism as collapsing distinct mind and body substances into modes of a single infinite substance, thereby erasing the independence of thought from extension and implying atheism by subordinating a transcendent God to impersonal nature.",123,https://essentialscholars.org/enlightenment,123->114: https://www.jstor.org/stable/2180831,,none,MISCITED,UNVERIFIABLE,Shift [123] -> 114 (bot-blocked),,,N
C358,Philosophical Controversies > Critiques of Spinoza's System from Rationalist and Empirical Standpoints,P,"Critics like Gerdil contended that Spinoza's denial of multiple substances with differing essences logically entails the non-existence of finite minds or bodies as truly distinct, reducing reality to an undifferentiated whole incompatible with Cartesian proofs for God's separateness from creation.",124,https://www.citizenphilosophy.net/Baruch_Spinoza.html,124->115: https://jmphil.org/article/id/2133/,,none,MISCITED,UNVERIFIABLE,Shift [124] -> 115 (bot-blocked),,,N
C359,Philosophical Controversies > Critiques of Spinoza's System from Rationalist and Empirical Standpoints,P,"From an empirical standpoint, David Hume engaged directly with Spinoza's system, rejecting its rationalist foundations in favor of knowledge derived from sensory impressions and ideas, dismissing Spinoza's a priori deduction of one substance and infinite attributes as speculative conjecture unsupported by observable constant conjunctions.",125,https://marxist.com/the-enlightenment-and-spinoza-s-revolutionary-rationalism.htm,125->116: https://muse.jhu.edu/article/388281/summary,,none,MISCITED,UNVERIFIABLE,"Shift [125] -> 116 (unreadable). Fact correct: Hume, Treatise 1.4.5 (""hideous hypothesis"")",,https://www.gutenberg.org/ebooks/4705,N
C360,Philosophical Controversies > Critiques of Spinoza's System from Rationalist and Empirical Standpoints,P,"Hume argued that Spinoza's assertion of necessary causal chains within God/Nature overextends beyond empirical evidence, where causation appears merely habitual rather than metaphysically binding, rendering Spinoza's deterministic ontology an unverified hypothesis akin to dogmatic system-building.",126,https://blogs.timesofisrael.com/for-gods-sake-remove-the-ban-on-spinoza/,126->117: https://www.3-16am.co.uk/articles/having-cake-and-eating-it-with-hume-and-spinoza,,read,MISCITED,MISCITED,"Shift [126] -> 117 (Garrett interview), which does not say this. Hume's explicit discussion of Spinoza (Treatise 1.4.5) is about the simplicity and immateriality of substance and the soul, not about over-extending causal necessity","Hume, Treatise 1.4.5",https://www.gutenberg.org/ebooks/4705,Y
C361,Philosophical Controversies > Critiques of Spinoza's System from Rationalist and Empirical Standpoints,P,"Broader empiricist objections, echoed in the tradition from Locke onward, faulted Spinoza's geometric method for prioritizing innate conceptions and deductive certainty over experiential verification, positing an unchanging, self-contained reality that contradicts observed variability, change, and apparent contingencies in nature.",127,https://www.jewishnews.co.uk/spinoza-writ-is-still-valid/,127->118: https://philosophy.stackexchange.com/questions/65802/what-are-some-critiques-of-spinoza-that-are-generally-regarded-as-holding-weight,,none,MISCITED,UNVERIFIABLE,Shift [127] -> 118 (bot-blocked),,,N
C362,Philosophical Controversies > Critiques of Spinoza's System from Rationalist and Empirical Standpoints,-,"This approach, empiricists held, neglects the limits of human perception, leading to a metaphysics detached from inductive generalization and prone to error in claiming comprehensive necessity without probabilistic testing against sensory data.",128,https://jewishstudies.washington.edu/jewish-history-and-thought/marc-cohen-reconsidering-spinoza/,128->119: https://www.crisiscritique.org/storage/app/media/2021-07-09/60e83c3c0bb0d077702222.pdf,,none,NOT_CHECKED,-,outside priority set and not in the random sample,,,
C363,Legacy and Influence > Impact on Enlightenment Thinkers and Rationalism,P,"Spinoza's Ethics, published posthumously in 1677, advanced continental rationalism by systematizing metaphysics, epistemology, and ethics through a rigorous geometrical method modeled on Euclid's Elements, positing a single infinite substance identified as both God and Nature, thereby challenging dualistic ontologies like Descartes' while emphasizing deductive certainty over sensory experience.",,,,,skim,UNCITED,-,Generic. Correct,,,N
C364,Legacy and Influence > Impact on Enlightenment Thinkers and Rationalism,P,"This monistic framework influenced Gottfried Wilhelm Leibniz, who visited Spinoza in The Hague on November 4, 1676, and engaged critically with his ideas, incorporating elements of parallelism between mind and body into his own pre-established harmony theory, though Leibniz rejected Spinoza's necessitarianism to preserve contingency and divine freedom.",129 38,https://www.equip.org/articles/baruch-spinozas-scientific-pantheism/ ; https://workersliberty.org/story/2022-10-18/spinoza-rebels-life,129->120: https://www.ias.edu/ideas/2007/israel-spinoza,,read,MISCITED,MISCITED,"Shift [129] -> 120 (no Leibniz content). Ref 38 is bot-walled. The visit should be written c. 18–21 Nov 1676: Academy edition A VI 3, 578 prints the date with a “(?)”.","Leibniz in The Hague c. 18–21 Nov 1676 (Academy Edition A VI 3, 578, with “(?)” )",https://www.leibniz-translations.com/perfectbeing,Y
C365,Legacy and Influence > Impact on Enlightenment Thinkers and Rationalism,P,"In the broader Enlightenment context, Spinoza's radical critique of organized religion and superstition in the Tractatus Theologico-Politicus (1670) laid groundwork for secular rational inquiry, inspiring Pierre Bayle's Historical and Critical Dictionary (1697), which echoed Spinozist biblical hermeneutics by questioning scriptural authority through historical analysis.",,,,,skim,UNCITED,-,"Generic; Israel's ""Radical Enlightenment"" thesis stated as fact (F-08)",,,N
C366,Legacy and Influence > Impact on Enlightenment Thinkers and Rationalism,P,"This approach resonated with French materialists like Denis Diderot, whose works exhibit parallels to Spinozist determinism and conatus (striving for perseverance) in discussions of human motivation and virtue, as seen in Diderot's Philosophical Thoughts (1746), where he adapts Spinozist ideas to argue against supernaturalism and for naturalistic ethics.",130 131,http://engelsbergideas.com/essays/the-salvation-of-spinoza/ ; https://www.reddit.com/r/askphilosophy/comments/92vv83/how_did_christian_spinozists_reconcile_spinozas/,130->121: https://www.mhra.org.uk/pdf/wph-2-1.pdf ; 131->122: https://www.leftvoice.org/spinozas-radical-enlightenment/,,skim,MISCITED,SUPPORTED,Shift [130][131] -> 121/122 (Diderot paper),,,N
C367,Legacy and Influence > Impact on Enlightenment Thinkers and Rationalism,P,"Spinoza's political philosophy, advocating separation of church and state alongside democratic governance grounded in natural right, informed the radical Enlightenment's push for toleration and individual liberty, influencing figures who prioritized reason as the sole arbiter of truth over revelation, though mainstream moderates like Voltaire distanced themselves, with Voltaire in 1772 dismissing the Ethics as a ""famous book so little read"" amid accusations of atheism.",,,,,skim,UNCITED,-,Generic; Israel thesis stated as fact (F-08),,,N
C368,Legacy and Influence > Impact on Enlightenment Thinkers and Rationalism,P,"Despite bans—such as the 1678 papal condemnation—Spinozism fueled underground networks, contributing to the French Revolution's ideological currents via intermediaries like d'Holbach, who drew on Spinozist pantheism to promote atheism and social reform.",132 133 134,https://www.reasonablefaith.org/podcasts/defenders-podcast-series-3/s3-doctrine-of-creation/doctrine-of-creation-part-16 ; https://jewishstudies.washington.edu/jewish-history-and-thought/spinoza-heretic-or-theologian/ ; https://philosophybreak.com/articles/pantheism-spinoza-and-the-god-that-einstein-believed-in/,132->123: https://essentialscholars.org/enlightenment ; 133->124: https://www.citizenphilosophy.net/Baruch_Spinoza.html ; 134->125: https://marxist.com/the-enlightenment-and-spinoza-s-revolutionary-rationalism.htm,,read,MISCITED,UNSUPPORTED,"Shift [132–134] -> 123–125. Diderot/Encyclopédie is supported, but none mentions a “1678 papal condemnation”. The Dutch civil ban is dated 25 June 1678: Wiltens names the States of Holland and West Friesland, while Spinoza Web credits the Supreme Court. The Court of Holland had already banned the TTP on 19 July 1674.","Dutch civil ban, 25 June 1678: Wiltens says States of Holland and West Friesland; Spinoza Web credits the Supreme Court. Court of Holland banned the TTP 19 July 1674",https://spinozaweb.org/works/date/asc,Y
C369,Legacy and Influence > Reception in Jewish and Christian Traditions,-,Spinoza's reception within Jewish tradition began with severe ostracism.,,,,,script,UNCITED,-,no citation; a later sentence in the same paragraph cites 3 135,,,
C370,Legacy and Influence > Reception in Jewish and Christian Traditions,P,"On 27 July 1656, at age 23, the Talmud Torah congregation of Amsterdam's Portuguese-Jewish community issued a cherem against him, the harshest such ban in its history, cursing him with the consent of divine judgment and expelling him eternally from the community of Israel.",3 135,https://www.neh.gov/article/why-spinoza-was-excommunicated ; https://www.prospectmagazine.co.uk/culture/37996/spinozas-god-einstein-believed-in-it-but-what-was-it,135->126: https://blogs.timesofisrael.com/for-gods-sake-remove-the-ban-on-spinoza/,,read,SUPPORTED,-,"NEH for date, age and harshness. [135] shifts to 126 (Times of Israel), which also supports it",,https://www.neh.gov/article/why-spinoza-was-excommunicated,N
C371,Legacy and Influence > Reception in Jewish and Christian Traditions,P,"The writ forbade all communication, favor, or proximity within four ells, attributing his expulsion to ""abominable heresies"" and ""monstrous deeds,"" likely encompassing his denial of the Torah's divine authorship, rejection of prophecy as historical revelation, and skepticism toward personal immortality and divine providence.",3 18,https://www.neh.gov/article/why-spinoza-was-excommunicated ; https://capone.mtsu.edu/rbombard/RB/PDFs/Excommunication.pdf,,,read,SUPPORTED,-,"NEH and ref 18 (cherem text, ""four ells"")",,https://capone.mtsu.edu/rbombard/RB/PDFs/Excommunication.pdf,N
C372,Legacy and Influence > Reception in Jewish and Christian Traditions,P,"This excommunication severed his ties to Judaism, reflecting the community's fear that his rationalist critiques threatened its fragile existence amid Dutch tolerance, and the ban remains formally in effect without official revocation.",136,https://sites.dartmouth.edu/dujs/2013/11/03/einsteins-bad-love-poem-2/,136->127: https://www.jewishnews.co.uk/spinoza-writ-is-still-valid/,,skim,MISCITED,MISCITED,"Shift [136] -> 127, which is about the 2021 Serfaty/Melamed episode, not the 1656 motive",,,N
C373,Legacy and Influence > Reception in Jewish and Christian Traditions,P,"Subsequent Jewish engagement with Spinoza was largely negative among orthodox circles, viewing his pantheistic equation of God with Nature as idolatrous and antithetical to monotheistic transcendence, while his Tractatus Theologico-Politicus (1670) further eroded scriptural authority by positing the Bible as human-authored moral allegory rather than divine truth.",19,https://www.thetorah.com/article/spinoza-who-wrote-the-bible-determines-how-we-read-it,,,skim,SUPPORTED,-,Ref 19 (Jewish reception),,https://plato.stanford.edu/entries/spinoza/,N
C374,Legacy and Influence > Reception in Jewish and Christian Traditions,P,"In the Haskalah (Jewish Enlightenment), figures like Moses Mendelssohn acknowledged his rationalism but distanced themselves from his heresies, and Spinoza influenced secular Jewish intellectuals yet faced persistent condemnation for undermining halakhic observance and chosenness.",137,https://donaldrobertson.name/2014/04/18/spinozas-philosophical-psychotherapy/,137->128: https://jewishstudies.washington.edu/jewish-history-and-thought/marc-cohen-reconsidering-spinoza/,,skim,MISCITED,MISCITED,"Shift [137] -> 128, which has no mention of Mendelssohn. The fact is broadly right (Mendelssohn, Philosophische Gespräche 1755; Morgenstunden 1785)",,,N
C375,Legacy and Influence > Reception in Jewish and Christian Traditions,-,Orthodox Judaism continues to regard him as a heretic whose system dissolves covenantal particularism into impersonal necessity.,,,,,script,UNCITED,-,no citation anywhere later in its paragraph,,,
C376,Legacy and Influence > Reception in Jewish and Christian Traditions,P,"In Christian traditions, Spinoza encountered widespread theological condemnation for his views, interpreted by contemporaries like Pierre Bayle as atheistic despite his explicit identification of God or Nature as the singular substance.",12,https://plato.stanford.edu/entries/spinoza/,,,skim,MISCITED,-,"SEP (ref 12) does not mention Bayle. The fact is correct (Bayle, Dictionnaire, ""Spinoza"", 1697)",,,N
C377,Legacy and Influence > Reception in Jewish and Christian Traditions,P,"Orthodox Protestants and Catholics rejected his determinism and pantheism as obliterating free will, miracles, and a personal Creator distinct from creation; his Tractatus Theologico-Politicus was banned in the Netherlands in 1674 and denounced across Europe for historicizing scripture and denying its supernatural origins.",138,https://www.papertrell.com/apps/preview/The-Handy-Psychology-Answer-Book/Handy%2520Answer%2520book/How-did-Spinoza-contribute-to-the-history-of-psychology/001137018/content/SC/52cafee382fad14abfa5c2e0_default.html,138->129: https://www.equip.org/articles/baruch-spinozas-scientific-pantheism/,,none,MISCITED,MISCITED,Shift [138] -> 129 (weak topical match only). Ref 138 returned HTTP 500,,,N
C378,Legacy and Influence > Reception in Jewish and Christian Traditions,S,"Critics argued his impersonal Deus sive Natura precluded divine election, incarnation, or redemption, rendering Christianity's anthropomorphic God illusory and incompatible with biblical theism.",138 139,https://www.papertrell.com/apps/preview/The-Handy-Psychology-Answer-Book/Handy%2520Answer%2520book/How-did-Spinoza-contribute-to-the-history-of-psychology/001137018/content/SC/52cafee382fad14abfa5c2e0_default.html ; https://psycnet.apa.org/record/1972-30054-001,138->129: https://www.equip.org/articles/baruch-spinozas-scientific-pantheism/ ; 139->130: http://engelsbergideas.com/essays/the-salvation-of-spinoza/,,skim,MISCITED,SUPPORTED,Shift [138][139] -> 129/130 (130 covers the universal religion and incarnation),,,N
C379,Legacy and Influence > Reception in Jewish and Christian Traditions,S,"Some radical Enlightenment Christians, such as Johann Georg Hamann's opponents or later pantheists, attempted reconciliation by allegorizing Christ as an exemplary sage embodying intellectual love of God rather than divine savior, aligning Spinoza's ethics with moral piety minus orthodoxy.",140,https://phil.washington.edu/research/publications/spinozas-political-philosophy,140->131: https://www.reddit.com/r/askphilosophy/comments/92vv83/how_did_christian_spinozists_reconcile_spinozas/,,none,MISCITED,UNVERIFIABLE,"Shift [140] -> 131 (bot-blocked). ""Hamann's opponents"" is vague",,,N
C380,Legacy and Influence > Reception in Jewish and Christian Traditions,P,"However, mainstream theology, from Leibniz's critiques to 19th-century responses, upheld Spinoza's system as subversive, equating it to atheism by subordinating providence to mechanistic necessity and dismissing revelation as adaptive fable.",141,https://curate.nd.edu/ndownloader/files/43576095/1,141->132: https://www.reasonablefaith.org/podcasts/defenders-podcast-series-3/s3-doctrine-of-creation/doctrine-of-creation-part-16,,skim,MISCITED,MISCITED,Shift [141] -> 132 (weak match). Sweeping generalization (see F-09),,,N
C381,Legacy and Influence > Reception in Jewish and Christian Traditions,-,"This rejection persisted, with his influence confined to liberal or deistic fringes rather than confessional cores, underscoring the causal incompatibility between his causal realism—wherein all follows eternally from God's essence—and doctrines of grace, sin, and eschatology.",142,https://ndpr.nd.edu/reviews/becoming-political-spinozas-vital-republicanism-and-the-democratic-power-of-judgment/,142->133: https://jewishstudies.washington.edu/jewish-history-and-thought/spinoza-heretic-or-theologian/,,none,NOT_CHECKED,-,outside priority set and not in the random sample,,,
C382,"Legacy and Influence > Applications in Modern Science, Psychology, and Politics",-,"Spinoza's deterministic conception of nature as a single substance governed by necessary laws resonated with the mechanistic worldview of classical physics, influencing scientists who sought a unified explanation of the universe without anthropomorphic divinity.",,,,,script,UNCITED,-,no citation; a later sentence in the same paragraph cites 143 144,,,
C383,"Legacy and Influence > Applications in Modern Science, Psychology, and Politics",P,"Albert Einstein, in a 1929 interview, affirmed his belief in ""Spinoza's God, who reveals himself in the orderly harmony of what exists, not in a God who concerns himself with fates and actions of human beings,"" aligning Spinoza's pantheism with his own rejection of quantum indeterminacy in favor of a fully causal reality.",143 144,https://www.researchgate.net/publication/395745031_What_kind_of_monism_is_Spinoza%27s-A_new_analysis ; https://www.semanticscholar.org/paper/Spinoza%25E2%2580%2599s-%25E2%2580%2598Infinite-Modes%25E2%2580%2599-Reconsidered-Primus/e48feb39a2a7369058144078b2216f6f35118388,143->134: https://philosophybreak.com/articles/pantheism-spinoza-and-the-god-that-einstein-believed-in/ ; 144->135: https://www.prospectmagazine.co.uk/culture/37996/spinozas-god-einstein-believed-in-it-but-what-was-it,,read,MISCITED,SUPPORTED,"Shift [143][144] -> 134/135. The intended source quotes Einstein's reply to Rabbi Goldstein. It was a 1929 cable reply, not an ""interview""; the wording is a translation variant","April 1929 cable to Rabbi Herbert S. Goldstein: ""I believe in Spinoza's God, who reveals himself in the harmony of all that exists…""",https://philosophybreak.com/articles/pantheism-spinoza-and-the-god-that-einstein-believed-in/,Y
C384,"Legacy and Influence > Applications in Modern Science, Psychology, and Politics",P,"Einstein's admiration extended to Spinoza's intellectual detachment and systematic reasoning, viewing the philosopher's emphasis on conatus—the drive toward self-preservation and increase in power—as paralleling physical principles of conservation and equilibrium, though quantum mechanics later challenged strict determinism by introducing probabilistic elements incompatible with Spinoza's necessitarianism.",145,https://philosophynews.com/spinoza-reborn/,145->136: https://sites.dartmouth.edu/dujs/2013/11/03/einsteins-bad-love-poem-2/,,skim,MISCITED,MISCITED,"Shift [145] -> 136 (Einstein and Spinoza, no conatus claim)",,,N
C385,"Legacy and Influence > Applications in Modern Science, Psychology, and Politics",P,"In psychology, Spinoza's theory of affects, detailed in Part III of the Ethics, posits emotions as transitions in the power of acting arising from encounters between the body and external bodies, providing an early naturalistic framework for emotional dynamics that prefigures modern scientific psychology's focus on causal mechanisms over dualistic mind-body splits.",,,,,primary,UNCITED,-,E3 Def. Aff.; E3P11S. Correct,,https://www.gutenberg.org/ebooks/3800,N
C386,"Legacy and Influence > Applications in Modern Science, Psychology, and Politics",-,"His doctrine that adequate ideas of causes enable mastery over passive affects—where understanding necessity diminishes suffering—anticipated cognitive therapies by linking intellectual clarity to emotional resilience, as seen in contemporary interpretations framing Spinozist insight as a form of philosophical psychotherapy that reframes desires without supernatural intervention.",78 146,https://plato.stanford.edu/entries/spinoza-psychological/ ; https://www.scirp.org/journal/paperinformation?paperid=76577,146->137: https://donaldrobertson.name/2014/04/18/spinozas-philosophical-psychotherapy/,,none,NOT_CHECKED,-,outside priority set and not in the random sample,,,
C387,"Legacy and Influence > Applications in Modern Science, Psychology, and Politics",S,"Spinoza's conatus as the fundamental striving for perseverance in being also aligns with evolutionary psychology's emphasis on adaptive self-preservation, influencing analyses of motivation where human behavior is understood as striving to enhance one's capacity for action amid environmental constraints, though empirical psychology has largely integrated these ideas indirectly through behaviorist and cognitivist traditions rather than direct attribution.",147 148,https://www.researchgate.net/publication/355254529_Reconsidering_Spinoza%27s_%27Rationalism%27 ; https://www.sourcesjournal.org/articles/lifting-the-ban-spinoza-and-the-boundaries-of-belonging,147->138: https://www.papertrell.com/apps/preview/The-Handy-Psychology-Answer-Book/Handy%2520Answer%2520book/How-did-Spinoza-contribute-to-the-history-of-psychology/001137018/content/SC/52cafee382fad14abfa5c2e0_default.html ; 148->139: https://psycnet.apa.org/record/1972-30054-001,,none,MISCITED,UNVERIFIABLE,Shift [147][148] -> 138/139 (HTTP 500 / blocked),,,N
C388,"Legacy and Influence > Applications in Modern Science, Psychology, and Politics",P,"Spinoza's political writings, particularly the Tractatus Theologico-Politicus (1670) and the unfinished Tractatus Politicus, advocate deriving state authority from human nature's needs for security and cooperation, defending democracy as the regime most conducive to freedom through rational participation and the separation of ecclesiastical and civil power to curb superstition-driven conflict.",,,,,skim,UNCITED,-,Generic. Correct,,,N
C389,"Legacy and Influence > Applications in Modern Science, Psychology, and Politics",-,"These principles underpin modern liberal republicanism by prioritizing collective power (potentia) over individual sovereignty, influencing arguments for institutional designs that channel passions like envy into productive ends, such as through democratic deliberation that fosters mutual accommodation rather than coercion.",45 101,https://plato.stanford.edu/entries/spinoza-political/ ; https://hackettpublishing.com/principles-of-cartesian-philosophy,101->92: https://iep.utm.edu/spin-pol/,,none,NOT_CHECKED,-,outside priority set and not in the random sample,,,
C390,"Legacy and Influence > Applications in Modern Science, Psychology, and Politics",S,"In contemporary politics, Spinoza's emphasis on freedom of thought as essential to societal stability informs defenses of expressive liberties against authoritarianism, with scholars applying his conatus-based psychology to analyze how states can enhance citizens' autonomy by mitigating fear and promoting adequate knowledge, as evidenced in reassessments linking his vitalism to participatory models that counter apathetic crowds with empowered judgment.",149 150,https://jewishstudies.washington.edu/jewish-history-and-thought/daniel-schwartz-ban-on-spinoza/ ; https://www.timesofisrael.com/in-echo-of-excommunication-top-spinoza-scholar-banned-from-amsterdam-synagogue/,149->140: https://phil.washington.edu/research/publications/spinozas-political-philosophy ; 150->141: https://curate.nd.edu/ndownloader/files/43576095/1,,skim,MISCITED,SUPPORTED,Shift [149][150] -> 140/141 (UW political philosophy page),,,N
C391,"Legacy and Influence > Applications in Modern Science, Psychology, and Politics",-,"However, his determinism raises tensions with voluntarist traditions in political theory, where moral responsibility presupposes alternatives absent in his system, leading to debates over whether Spinozist realism supports pragmatic governance over idealistic rights.",151,https://www.mdpi.com/journal/philosophies/special_issues/Spinoza_theological_political_treatise,151->142: https://ndpr.nd.edu/reviews/becoming-political-spinozas-vital-republicanism-and-the-democratic-power-of-judgment/,,none,NOT_CHECKED,-,outside priority set and not in the random sample,,,
C392,Legacy and Influence > Ongoing Scholarly Debates and Recent Reassessments,P,"Contemporary Spinoza scholarship features vigorous debates over the precise character of his monism, with recent analyses, such as a 2025 study, arguing for a priority monism where the infinite substance (God or Nature) is ontologically prior to its finite modes, challenging traditional substance monism interpretations that emphasize parallelism between attributes.",152,https://www.project-syndicate.org/onpoint/spinoza-free-thought-against-intolerance-illiberalism-by-enrique-krauze-2024-07,152->143: https://www.researchgate.net/publication/395745031_What_kind_of_monism_is_Spinoza%27s-A_new_analysis,,title,MISCITED,SUPPORTED,"Shift [152] -> 143. The ResearchGate 2025 paper ""What kind of monism is Spinoza's? A new analysis"" is bot-blocked, so the title alone matches",,https://www.researchgate.net/publication/395745031_What_kind_of_monism_is_Spinoza%27s-A_new_analysis,N
C393,Legacy and Influence > Ongoing Scholarly Debates and Recent Reassessments,-,"This reassessment underscores causal realism in Spinoza's system, where the whole determines the parts without implying mereological composition, influencing discussions on his modal metaphysics and the status of infinite modes as immediate necessities of God's essence rather than derivative extensions.",153,,153->144: https://www.semanticscholar.org/paper/Spinoza%25E2%2580%2599s-%25E2%2580%2598Infinite-Modes%25E2%2580%2599-Reconsidered-Primus/e48feb39a2a7369058144078b2216f6f35118388,153,none,NOT_CHECKED,-,outside priority set and not in the random sample,,,
C394,Legacy and Influence > Ongoing Scholarly Debates and Recent Reassessments,S,"The longstanding pantheism-versus-atheism controversy persists, with scholars divided on whether Spinoza's equation of Deus sive Natura affirms a theistic pantheism or effectively dissolves God into impersonal necessity, rendering traditional religious concepts incoherent; this tension is evident in critiques that his denial of divine anthropomorphism aligns more closely with atheism despite rhetorical concessions to biblical language.",12,https://plato.stanford.edu/entries/spinoza/,,,skim,SUPPORTED,-,SEP,,https://plato.stanford.edu/entries/spinoza/,N
C395,Legacy and Influence > Ongoing Scholarly Debates and Recent Reassessments,P,"Recent works rehabilitate his monism against earlier dismissals as speculative, integrating it with empirical science and analytic philosophy, as seen in post-2020 reevaluations that position Spinoza as prescient in naturalizing theology.",154,,154->145: https://philosophynews.com/spinoza-reborn/,154,none,UNVERIFIABLE,UNVERIFIABLE,Dangling [154] (only 152 sources listed). Intended 145 is unreadable (gzip),,,N
C396,Legacy and Influence > Ongoing Scholarly Debates and Recent Reassessments,S,"Spinoza's strict determinism, which precludes indeterminism and libertarian free will while allowing for intellectual freedom through adequate ideas, continues to provoke reassessments of its compatibility with moral agency and political liberty; for instance, 2020s scholarship explores how necessitarianism underpins his advocacy for democratic institutions that channel human affects toward stability without illusions of voluntarism.",79 155,https://iep.utm.edu/spinoza-free-will-determinism/,155->146: https://www.scirp.org/journal/paperinformation?paperid=76577,155,skim,SUPPORTED,-,Supported by ref 79 (IEP free will). [155] is dangling,,https://iep.utm.edu/spinoza-free-will-determinism/,N
C397,Legacy and Influence > Ongoing Scholarly Debates and Recent Reassessments,-,"Reconsiderations of his rationalism further integrate reason with imagination and emotion, portraying epistemology as a dynamic process rather than pure deduction, countering portrayals of Spinoza as overly intellectualist.",156,,156->147: https://www.researchgate.net/publication/355254529_Reconsidering_Spinoza%27s_%27Rationalism%27,156,none,NOT_CHECKED,-,outside priority set and not in the random sample,,,
C398,Legacy and Influence > Ongoing Scholarly Debates and Recent Reassessments,P,"Additionally, while the cherem of 1656 was never formally rescinded, in 2012—356 years later—a group of Dutch Jews debated lifting it but concluded they lacked the authority to do so, leaving the excommunication technically in effect to this day, though Spinoza's philosophical canonization long transcended communal censure.",,,,,read,UNCITED,-,"Ref 126: in 2012 the community was asked to lift the ban and declined; ref 148 describes a 2015 review. ""Concluded they lacked the authority"" was not found in either",2012 request declined; 2015 symposium/review,https://www.sourcesjournal.org/articles/lifting-the-ban-spinoza-and-the-boundaries-of-belonging,Y
C399,Legacy and Influence > Ongoing Scholarly Debates and Recent Reassessments,P,"In historical and communal contexts, debates intensify around Spinoza's 1656 excommunication (cherem) by Amsterdam's Sephardic synagogue, with rabbinic authorities and scholars in 2024-2025 questioning its ongoing validity amid preparations for the 350th anniversary of his 1677 death; proponents of lifting the ban cite evolving Jewish inclusivity, while opponents invoke enduring theological divergences, such as Spinoza's rejection of revealed prophecy, highlighting persistent tensions between philosophical rationalism and orthodox belonging.",157 158,,157->148: https://www.sourcesjournal.org/articles/lifting-the-ban-spinoza-and-the-boundaries-of-belonging ; 158->149: https://jewishstudies.washington.edu/jewish-history-and-thought/daniel-schwartz-ban-on-spinoza/,157 158,skim,UNVERIFIABLE,SUPPORTED,Dangling [157][158]. Intended 148 (Sources journal) and 149 (UW Schwartz) support it,,https://www.sourcesjournal.org/articles/lifting-the-ban-spinoza-and-the-boundaries-of-belonging,N
C400,Legacy and Influence > Ongoing Scholarly Debates and Recent Reassessments,P,"In 2021, Spinoza scholar Yitzhak Melamed was denied permission by Rabbi Joseph Serfaty of Amsterdam's Portuguese Synagogue to film a documentary inside the premises, with the rabbi citing the cherem's ongoing validity and declaring Melamed persona non grata, exemplifying continued communal enforcement amid scholarly calls for reassessment.",159,,159->150: https://www.timesofisrael.com/in-echo-of-excommunication-top-spinoza-scholar-banned-from-amsterdam-synagogue/,159,read,UNVERIFIABLE,SUPPORTED,"Dangling [159]. Intended 150 (Times of Israel, 30 Nov 2021) supports the Melamed/Serfaty episode",,https://www.timesofisrael.com/in-echo-of-excommunication-top-spinoza-scholar-banned-from-amsterdam-synagogue/,N
C401,Legacy and Influence > Ongoing Scholarly Debates and Recent Reassessments,P,"Commemorative efforts, including 2020 special issues on the Tractatus Theologico-Politicus, reassess its critiques of superstition and clerical power as blueprints for secular governance, relevant to contemporary struggles against illiberalism.",160 161,,160->151: https://www.mdpi.com/journal/philosophies/special_issues/Spinoza_theological_political_treatise ; 161->152: https://www.project-syndicate.org/onpoint/spinoza-free-thought-against-intolerance-illiberalism-by-enrique-krauze-2024-07,160 161,read,UNVERIFIABLE,SUPPORTED,"Dangling [160][161]. Intended 151 (MDPI special issue ""1670–2020"") supports it, though its papers appeared in 2021; ""blueprints for secular governance"" is the article's framing (F-04)","Special issue titled for 1670–2020, published 2021",https://www.mdpi.com/2409-9287/6/3/67,N
