claim_id,para,sent,section,cites,dangling_cites,para_next_cites,text
C001,1,1,,1,,,"Baruch Spinoza (24 November 1632 – 21 February 1677) was a Dutch philosopher of Sephardic Portuguese-Jewish origin, born in Amsterdam to parents who had immigrated from Portugal to escape religious persecution."
C002,1,2,,2 3,,,"At age 23, he was excommunicated by the Portuguese-Jewish community in Amsterdam on 27 July 1656 with an unusually severe cherem (ban), citing his ""abominable heresies"" and refusal to recant, which severed his ties to the synagogue and community."
C003,2,1,,4,,,"Spinoza earned his living grinding optical lenses while developing a comprehensive rationalist philosophy grounded in geometric-demonstrative method, most fully expounded in his posthumously published Ethics (1677), which posits substance monism—identifying God with Nature (Deus sive Natura) as the sole infinite substance possessing attributes like thought and extension, from which follows strict causal determinism rejecting free will in the ordinary sense."
C004,2,2,,5,,,"His Tractatus Theologico-Politicus (1670), published anonymously, pioneered historical-critical biblical interpretation by treating Scripture as a human product to be understood through its historical context and authors' intentions rather than divine dictation, while arguing for freedom of thought and expression as essential to piety and state stability."
C005,2,3,,6,,,"These works provoked widespread bans and accusations of atheism, despite Spinoza's explicit identification of God with substance, marking him as a controversial figure whose rejection of anthropomorphic theology and superstition challenged both Jewish orthodoxy and Cartesian dualism."
C006,3,1,,7 4,,,"Spinoza's emphasis on reason as the path to human flourishing through knowledge of necessities, intellectual love of God, and ethical conatus (striving for perseverance in being) influenced Enlightenment thinkers, secular biblical scholarship, and later philosophy, though his pantheistic monism and deterministic worldview remain debated for their implications on religion, morality, and politics."
C007,4,1,Early Life and Background > Family Origins and Marrano Heritage,8 9,,,"Baruch Spinoza was born on November 24, 1632, in Amsterdam to Michael de Spinoza, a prominent merchant in the Portuguese-Jewish community, and his second wife, Hannah Deborah Senior."
C008,4,2,Early Life and Background > Family Origins and Marrano Heritage,8 9,,,"Michael's first wife had died in 1627, leaving two daughters, Miriam and Rebekah, while Hannah Deborah, who bore Baruch and possibly other children, died in 1638 when Baruch was five years old."
C009,4,3,Early Life and Background > Family Origins and Marrano Heritage,8 9,,,"Michael himself died on March 28, 1654, after remarrying in 1641 to Esther Fernand, who predeceased him in 1653."
C010,5,1,Early Life and Background > Family Origins and Marrano Heritage,8,,,"The Spinoza family traced its roots to Sephardic Jews from the Iberian Peninsula, with the surname derived from the town of Espinosa in León, Spain."
C011,5,2,Early Life and Background > Family Origins and Marrano Heritage,8,,,"Michael's father, Abraham Michael de Spinoza, had been a community leader in Amsterdam, serving as president of the Sephardic congregation in 1639."
C012,5,3,Early Life and Background > Family Origins and Marrano Heritage,9,,,"Hannah Deborah's family originated from Porto, Portugal, though she herself was born in Amsterdam to recent immigrants."
C013,5,4,Early Life and Background > Family Origins and Marrano Heritage,9 10,,,"The family belonged to the ""Portuguese Nation,"" a term for Sephardic Jews who had settled in Amsterdam after fleeing persecution, establishing businesses in trade and importing goods from Portugal, Spain, and the Mediterranean."
C014,6,1,Early Life and Background > Family Origins and Marrano Heritage,9 10,,,"As descendants of New Christians—Jews forcibly converted to Christianity in Spain and Portugal during the late 15th century—the Spinozas exemplified Marrano heritage, characterized by secret adherence to Judaism amid Inquisition threats."
C015,6,2,Early Life and Background > Family Origins and Marrano Heritage,9,,,"Many such families, including Spinoza's ancestors, relocated first to Antwerp in the 1570s amid the Dutch Revolt's disruptions to Spanish trade, then to tolerant Amsterdam by the early 17th century, where they openly reverted to Judaism under the protection of Dutch authorities."
C016,6,3,Early Life and Background > Family Origins and Marrano Heritage,9 10,,,"This migration preserved a distinct Iberian-Jewish identity, blending commercial acumen with cautious religious observance shaped by prior crypto-Judaism."
C017,7,1,Early Life and Background > Family Origins and Marrano Heritage,9,,,"Spinoza's immediate family included siblings Isaac, Gabriel (also known as Abraham), Miriam, and Rebecca, raised in Amsterdam's Jewish quarter along the Houtgracht, near synagogues and markets frequented by the Portuguese community."
C018,7,2,Early Life and Background > Family Origins and Marrano Heritage,9,,,"Michael held leadership roles, such as on the Mahamad, the community's governing body, reflecting the family's integration into this immigrant network of merchants and scholars."
C019,7,3,Early Life and Background > Family Origins and Marrano Heritage,10,,,"This environment, while fostering prosperity, also imposed strict orthodoxy on a population still recovering from generations of forced assimilation and flight."
C020,8,1,Early Life and Background > Childhood Education and Initial Influences,11,,,"Baruch Spinoza, born Bento de Spinoza on 24 November 1632 in Amsterdam, was the middle son of Michael de Spinoza, a merchant of moderate means in the Portuguese-Jewish community, and Hanna Deborah, who died in 1638 when he was nearly six years old."
C021,8,2,Early Life and Background > Childhood Education and Initial Influences,11,,,His family descended from Marranos—Jews who had been forcibly converted to Christianity in Portugal but continued practicing Judaism secretly before emigrating to the Dutch Republic to escape persecution.
C022,8,3,Early Life and Background > Childhood Education and Initial Influences,12,,,"The Amsterdam Sephardic community provided a relatively tolerant environment for such exiles, fostering trade and intellectual pursuits within a framework of orthodox Jewish observance."
C023,9,1,Early Life and Background > Childhood Education and Initial Influences,11,,,"From an early age, Spinoza attended the Talmud Torah school affiliated with the Portuguese synagogue, receiving the standard education for boys in the community to become literate and observant Jews."
C024,9,2,Early Life and Background > Childhood Education and Initial Influences,11,,,"The curriculum emphasized Hebrew grammar and language, the Torah, prophetic writings, liturgy, and introductory rabbinical commentaries, aiming to instill knowledge of scripture and halakhic tradition."
C025,9,3,Early Life and Background > Childhood Education and Initial Influences,13,,,"He did not progress to advanced Talmudic study, which typically prepared students for rabbinical roles, and recent scholarship indicates he was not a full-time pupil under senior rabbis like Saul Levi Morteira."
C026,9,4,Early Life and Background > Childhood Education and Initial Influences,12,,,"Nonetheless, Spinoza was recognized as an intellectually gifted student, a star pupil whose precocity suggested potential for scholarly distinction within the congregation."
C027,10,1,Early Life and Background > Childhood Education and Initial Influences,12,,,"Initial influences stemmed from this orthodox Jewish framework, exposing him to rationalist elements in medieval Jewish thought, such as interpretive methods reconciling scripture with philosophy, though direct engagement with figures like Maimonides likely occurred later."
C028,10,2,Early Life and Background > Childhood Education and Initial Influences,11,,,"The school's emphasis on textual exegesis and communal piety shaped his early worldview, contrasting with the heterodox ideas he would later encounter from Cartesian philosophy and free-thinking circles in Amsterdam."
C029,10,3,Early Life and Background > Childhood Education and Initial Influences,12,,,"By around age 18 in 1650, Spinoza's formal education ended as he entered the family importing business, marking the transition from structured learning to independent intellectual exploration."
C030,11,1,Early Life and Background > Entry into Family Business and Emerging Doubts,3,,,"Spinoza assisted in his family's import business, which specialized in dried fruits such as raisins and other goods from Portugal, following the completion of his formal Jewish education around 1650."
C031,11,2,Early Life and Background > Entry into Family Business and Emerging Doubts,3 14,,,"His father, Michael de Spinoza, managed the firm until his death on March 28, 1654, after which Spinoza and his half-brother Gabriel assumed control amid disputes with their sister Rebecca over inheritance and business claims."
C032,11,3,Early Life and Background > Entry into Family Business and Emerging Doubts,3,,,"Spinoza demonstrated minimal commitment to commercial activities, often prioritizing independent study over daily operations, which strained family expectations."
C033,12,1,Early Life and Background > Entry into Family Business and Emerging Doubts,15,,,"During this period, Spinoza developed profound doubts regarding core tenets of Judaism, including the anthropomorphic nature of God, the personal immortality of the soul, and the eternal validity of Mosaic Law beyond its historical context."
C034,12,2,Early Life and Background > Entry into Family Business and Emerging Doubts,16,,,"These heterodox opinions, articulated in private conversations and possibly influenced by readings of Maimonides' Guide for the Perplexed, positioned Jewish scripture as accommodating rather than literally divine revelation."
C035,13,1,Early Life and Background > Entry into Family Business and Emerging Doubts,17 2,,,"Further fueling his skepticism, Spinoza studied Latin under Franciscus van den Enden, a former Jesuit and advocate of Cartesian philosophy, between approximately 1654 and 1656; van den Enden's freethinking circle exposed him to radical egalitarian and anti-clerical ideas that challenged rabbinic authority."
C036,13,2,Early Life and Background > Entry into Family Business and Emerging Doubts,15 2,,,"This engagement with modern rationalism intensified Spinoza's rejection of superstition in favor of a deterministic, substance-monist worldview, marking the onset of views later deemed heretical by community leaders."
C037,14,1,Expulsion and Independent Development > Reasons for Excommunication from Jewish Community,3,,,"On 27 July 1656, the parnasim (lay leaders) of the Talmud Torah congregation in Amsterdam issued a cherem (ban of excommunication) against Baruch de Spinoza, then aged 23 or 24, permanently expelling him from the Portuguese-Jewish community."
C038,14,2,Expulsion and Independent Development > Reasons for Excommunication from Jewish Community,18,,,"The decree, pronounced publicly in Hebrew and Portuguese during services, invoked curses from Deuteronomy and other biblical sources, declaring Spinoza accursed by day and night, and forbidding any Jewish contact with him under pain of similar excommunication."
C039,14,3,Expulsion and Independent Development > Reasons for Excommunication from Jewish Community,3 16,,,"It accused him of holding and teaching ""abominable heresies"" and committing ""monstrous deeds,"" without specifying particulars, a vagueness typical of such communal edicts to emphasize severity while avoiding public scandal that could jeopardize the community's fragile tolerance in Calvinist Dutch society."
C040,15,1,Expulsion and Independent Development > Reasons for Excommunication from Jewish Community,2,,,"Contemporary accounts and later historical analysis suggest the primary triggers were Spinoza's expressed doubts about core Jewish doctrines, including the divine authorship of the Torah, the nature of prophecy, and the immortality of the soul—views that prefigured his mature philosophy but were already circulating in private discussions."
C041,15,2,Expulsion and Independent Development > Reasons for Excommunication from Jewish Community,19 20,,,"Spinoza had reportedly rejected rabbinic interpretations of Scripture, arguing it contained human elements rather than pure revelation, and questioned the eternity of the soul in ways echoing earlier heretics like Uriel da Costa, who faced similar expulsion in 1640 for denying personal immortality."
C042,15,3,Expulsion and Independent Development > Reasons for Excommunication from Jewish Community,21,,,"His associations with radical Cartesians and freethinkers outside the community, including debates at the home of non-Jewish intellectuals, further alarmed leaders who feared his ideas could provoke gentile authorities to revoke Jewish privileges, especially amid recent Calvinist pressures on religious nonconformity."
C043,15,4,Expulsion and Independent Development > Reasons for Excommunication from Jewish Community,3,,,"A secondary factor was Spinoza's legal challenge to communal inheritance rules; after his father's death in 1654, he sought Dutch court intervention to claim his share, bypassing synagogue arbitration, which violated internal regulations and symbolized defiance of authority."
C044,16,1,Expulsion and Independent Development > Reasons for Excommunication from Jewish Community,16,,,"The ma'amad's decision reflected the Portuguese Jews' precarious position as former conversos rebuilding orthodoxy after Iberian persecution; maintaining doctrinal unity was essential to affirm loyalty to Dutch hosts wary of ""Judaizing"" influences."
C045,16,2,Expulsion and Independent Development > Reasons for Excommunication from Jewish Community,2,,,"No primary document details the exact deliberations, but Spinoza's own later Tractatus Theologico-Politicus (1670) elaborates critiques of biblical literalism and miracles as natural events, supporting inferences that his pre-excommunication teachings aligned with these ""heresies."""
C046,16,3,Expulsion and Independent Development > Reasons for Excommunication from Jewish Community,3,,,"Attempts by rabbis, including Saul Levi Morteira, to reclaim him through persuasion failed, indicating deeply entrenched heterodoxy rather than mere youthful rebellion."
C047,16,4,Expulsion and Independent Development > Reasons for Excommunication from Jewish Community,22,,,The cherem's extremity—more severe than da Costa's—underscores Spinoza's perceived threat as an intellectually formidable figure whose rationalism challenged the community's survival strategy of pious conformity.
C048,17,1,Expulsion and Independent Development > Immediate Aftermath and Formation of Study Circle,23,,,"Following the issuance of the herem against him on July 27, 1656, Spinoza continued to reside in Amsterdam, severing formal ties with the Portuguese-Jewish community while maintaining some informal contacts initially."
C049,17,2,Expulsion and Independent Development > Immediate Aftermath and Formation of Study Circle,24,,,"He faced social ostracism, as the ban prohibited Jews from communicating with him under penalty of excommunication, yet he avoided destitution through support from non-Jewish acquaintances formed during his mercantile days."
C050,17,3,Expulsion and Independent Development > Immediate Aftermath and Formation of Study Circle,10,,,"These included affluent Mennonite or Collegiant merchants who shared interests in religious tolerance and rational inquiry, providing both intellectual companionship and financial aid amid his transition away from family business."
C051,18,1,Expulsion and Independent Development > Immediate Aftermath and Formation of Study Circle,23,,,"This period marked the emergence of Spinoza's core study circle, comprising key figures such as Pieter Balling (d. 1664), Jarig Jelles (c. 1620–1683), and Simon Joosten de Vries (d. 1667), who engaged in philosophical discussions that shaped his early systematic thought."
C052,18,2,Expulsion and Independent Development > Immediate Aftermath and Formation of Study Circle,25,,,"Balling, a merchant and author of Het Licht op den Kandelaar (1662), drew on Spinozist ideas in exploring divine illumination and human understanding, reflecting the group's emphasis on inward spiritual experience over dogmatic authority."
C053,18,3,Expulsion and Independent Development > Immediate Aftermath and Formation of Study Circle,,,26,"Jelles, a wealthy ship-owner, later funded Spinoza's publications and contributed prefaces advocating geometric method in philosophy, while de Vries offered a substantial annuity—initially 2,000 guilders annually, negotiated down to 300 guilders plus a deathbed bequest—which ensured Spinoza's independence without full reliance on manual labor."
C054,18,4,Expulsion and Independent Development > Immediate Aftermath and Formation of Study Circle,26,,,"The circle, influenced by Collegiant practices of unstructured Bible readings and rejection of clerical hierarchy, convened informally to debate Cartesianism, theology, and metaphysics, fostering Spinoza's development of monistic views away from traditional theism."
C055,19,1,Expulsion and Independent Development > Immediate Aftermath and Formation of Study Circle,27,,,"Though exact meeting details remain sparse due to the era's discretion around heterodox gatherings, correspondence and later writings indicate the group's role in critiquing religious superstition and exploring a deterministic worldview, with Spinoza dictating early drafts like parts of the Short Treatise to them by the early 1660s."
C056,19,2,Expulsion and Independent Development > Immediate Aftermath and Formation of Study Circle,17,,,"This network provided a bulwark against isolation, enabling Spinoza to refine his ideas amid broader Dutch intellectual currents, including Remonstrant and Quaker influences, before relocating to Rijnsburg in 1661 with ongoing support from the same associates."
C057,20,1,Expulsion and Independent Development > Lens-Grinding Profession and Financial Independence,11,,,"Following his excommunication from the Amsterdam Jewish community on July 27, 1656, Spinoza turned to lens-grinding as his principal means of livelihood, a trade he likely began cultivating in the preceding years amid growing estrangement from his family's import business."
C058,20,2,Expulsion and Independent Development > Lens-Grinding Profession and Financial Independence,28 29,,,"This occupation involved meticulously grinding and polishing glass lenses for scientific instruments, including telescopes and microscopes, which were in demand during the era's burgeoning optical advancements."
C059,20,3,Expulsion and Independent Development > Lens-Grinding Profession and Financial Independence,28,,,"The work required precision, patience, and isolation, aligning with Spinoza's preference for contemplative independence over commercial or academic patronage."
C060,21,1,Expulsion and Independent Development > Lens-Grinding Profession and Financial Independence,30,,,"Spinoza's lenses gained a reputation for superior quality among contemporaries, such as instrument makers and natural philosophers, though he contributed no major theoretical innovations to optics beyond enthusiastic observation through the devices."
C061,21,2,Expulsion and Independent Development > Lens-Grinding Profession and Financial Independence,31,,,"Operating from modest workshops in Amsterdam, Rijnsburg, Voorburg, and later The Hague, he produced components that supported empirical inquiries, including those by figures like Christiaan Huygens, while avoiding the vulnerabilities of reliance on wealthy benefactors."
C062,21,3,Expulsion and Independent Development > Lens-Grinding Profession and Financial Independence,32,,,"This self-sufficiency was deliberate: Spinoza rejected a large annuity offered by admirer Simon de Vries around 1661, accepting only a smaller periodic sum to preserve his autonomy in philosophical pursuits."
C063,22,1,Expulsion and Independent Development > Lens-Grinding Profession and Financial Independence,24,,,"The profession yielded a modest income sufficient for lower-middle-class sustenance—covering rent, basic furnishings, and occasional aid to associates—without debt or ostentation, thus enabling Spinoza to prioritize intellectual labor over economic pressures."
C064,22,2,Expulsion and Independent Development > Lens-Grinding Profession and Financial Independence,33,,,"Supplemented sparingly by gifts from a small circle of supporters, such as Pieter Serrurier, this arrangement underscored his commitment to unencumbered reasoning, free from institutional or donor influence."
C065,22,3,Expulsion and Independent Development > Lens-Grinding Profession and Financial Independence,34,,,"However, the inhalation of fine glass particles during grinding likely exacerbated his chronic respiratory ailments, contributing to his premature death in 1677."
C066,23,1,Mature Career and Residences > Rijnsburg Period and Early Writings,35,,,"In the summer of 1661, Spinoza relocated from Amsterdam to Rijnsburg, a village near Leiden known as a center for the Collegiant movement, to pursue uninterrupted philosophical study in a rural setting."
C067,23,2,Mature Career and Residences > Rijnsburg Period and Early Writings,35,,,"He rented rooms in a recently constructed house owned by surgeon Herman Dircksz. Homan, located at what is now Spinozalaan 29."
C068,23,3,Mature Career and Residences > Rijnsburg Period and Early Writings,11 35,,,"This residence, spanning from before July 29, 1661, to late April or July 1663, provided Spinoza with the seclusion needed after his excommunication, while remaining proximate to Leiden's university resources."
C069,24,1,Mature Career and Residences > Rijnsburg Period and Early Writings,36,,,"To maintain financial independence, Spinoza continued lens grinding, producing optical instruments both for livelihood and scientific experimentation."
C070,24,2,Mature Career and Residences > Rijnsburg Period and Early Writings,35,,,"Concurrently, he formed a small study circle, teaching Cartesian philosophy to students including Johannes Casearius, focusing on parts 2 and 3 of Descartes' Principles of Philosophy."
C071,24,3,Mature Career and Residences > Rijnsburg Period and Early Writings,35,,,"This pedagogical activity culminated in Spinoza's 1663 publication of Renati Des Cartes Principiorum Philosophiae: Pars I & II, More Geometrico Demonstratae, a geometric exposition of Descartes' metaphysics and physics, appended with his own Cogitata Metaphysica drafted by July 1662."
C072,25,1,Mature Career and Residences > Rijnsburg Period and Early Writings,36,,,"During the Rijnsburg years, Spinoza advanced his independent philosophical system, drafting elements that prefigured the Ethics."
C073,25,2,Mature Career and Residences > Rijnsburg Period and Early Writings,11,,,"Key early writings from this formative phase include the unfinished Tractatus de Intellectus Emendatione, a methodological treatise on remedying the intellect begun in the late 1650s and likely refined here, emphasizing clear and distinct ideas over imagination or hearsay."
C074,25,3,Mature Career and Residences > Rijnsburg Period and Early Writings,11 35,,,"The Korte Verhandeling van God, de Mensch en deszelvs Welstand (Short Treatise on God, Man, and His Well-Being), outlining Spinoza's monistic ontology, attributes of God, and path to human beatitude through reason, was composed around this period and circulated in manuscript among associates like Simon Joosten de Vries and Lodewijk Meyer."
C075,25,4,Mature Career and Residences > Rijnsburg Period and Early Writings,36,,,"These works rejected anthropomorphic theology and Cartesian dualism, positing a single substance—God or Nature—as the foundation of reality, ideas Spinoza presented orally to his circle before committing to Latin prose."
C076,26,1,Mature Career and Residences > Rijnsburg Period and Early Writings,35,,,"Spinoza maintained scientific correspondences, exchanging 34 letters with Henry Oldenburg and discussing experiments with Robert Boyle via intermediary, reflecting his integration of empirical observation with rational deduction."
C077,26,2,Mature Career and Residences > Rijnsburg Period and Early Writings,35,,,"Associates such as Adriaan Koerbagh, Theodorus Kerckring, and Burchard de Volder frequented the area, fostering intellectual exchange amid Spinoza's cautious dissemination of heterodox views to avoid persecution."
C078,27,1,Mature Career and Residences > Voorburg and Publication of Key Works,37,,,"In 1663, Spinoza moved from Rijnsburg to Voorburg, a village southeast of The Hague, settling between late April and early August in the home of painter Daniel Harmensz Tydeman on Kerklaan."
C079,27,2,Mature Career and Residences > Voorburg and Publication of Key Works,11,,,"The precise motivation for the relocation remains unclear, though it coincided with his ongoing need for seclusion to pursue independent scholarship amid growing intellectual isolation from Amsterdam's Jewish community."
C080,27,3,Mature Career and Residences > Voorburg and Publication of Key Works,12,,,"He sustained himself through lens grinding, a craft he refined for producing optical instruments, while maintaining correspondence with European thinkers including Henry Oldenburg and Robert Boyle."
C081,28,1,Mature Career and Residences > Voorburg and Publication of Key Works,38,,,"Voorburg provided a modest, rural setting that allowed Spinoza to deepen his systematic philosophy without the disruptions of urban life; he resided there until late 1669 or early 1670."
C082,28,2,Mature Career and Residences > Voorburg and Publication of Key Works,12,,,"During this period, he progressed on the Ethics, structuring it in geometric-demonstrative order akin to Euclid's Elements, though the work circulated only in manuscript among close associates and was withheld from print due to its radical monistic theology."
C083,28,3,Mature Career and Residences > Voorburg and Publication of Key Works,11,,,"Prompted by friends seeking a defense of philosophical liberty against theological dogmatism, Spinoza composed the Tractatus Theologico-Politicus (Theological-Political Treatise), a critique of scriptural interpretation, prophetic authority, and clerical power that argued for the separation of faith from reason and state tolerance of diverse opinions."
C084,29,1,Mature Career and Residences > Voorburg and Publication of Key Works,39,,,"The Tractatus appeared anonymously in 1670, falsely attributed to a Hamburg imprint but produced by Dutch printers to evade censorship; its 200-page Latin text immediately provoked outrage for allegedly undermining religion and sovereignty, leading to bans in the Netherlands by 1674."
C085,29,2,Mature Career and Residences > Voorburg and Publication of Key Works,40,,,"Spinoza's Voorburg years thus marked a pivot from private exposition to public intervention, with the treatise's core thesis—that the Bible conveys moral truths accessible via historical-critical analysis rather than divine dictation—drawing on his earlier studies of Maimonides and Cartesian method while prioritizing causal explanations of belief formation over supernatural claims."
C086,29,3,Mature Career and Residences > Voorburg and Publication of Key Works,38,,,"No other major works were published during this residence, but the Tractatus established Spinoza's reputation as a contentious advocate for intellectual freedom, influencing later Enlightenment debates despite efforts to suppress it."
C087,30,1,Mature Career and Residences > The Hague Years and Political Engagement,41 42,,,"In late 1669 or early 1670, Spinoza relocated from Voorburg to The Hague, the political heart of the Dutch Republic, initially renting rooms at Stille Veerkade no. 32 until early 1671, before moving to Paviljoensgracht nos. 72–74, where he resided until his death."
C088,30,2,Mature Career and Residences > The Hague Years and Political Engagement,43,,,"This move positioned him closer to governmental institutions and intellectual networks, facilitating greater involvement in political discourse amid tensions between the republican regime of Grand Pensionary Johan de Witt and monarchist Orangist factions."
C089,31,1,Mature Career and Residences > The Hague Years and Political Engagement,44,,,"Spinoza's Tractatus Theologico-Politicus (1670), published anonymously, advanced arguments for freedom of philosophizing as essential to political stability, critiquing clerical interference in state affairs and aligning implicitly with de Witt's policies of religious tolerance and republican governance."
C090,31,2,Mature Career and Residences > The Hague Years and Political Engagement,45,,,"The treatise provoked widespread condemnation from Reformed theologians, leading to bans in several Dutch provinces by 1674, yet it underscored Spinoza's view that democratic freedoms enhance rather than undermine sovereignty."
C091,31,3,Mature Career and Residences > The Hague Years and Political Engagement,46,,,"During the rampjaar of 1672, marked by French invasion and economic collapse, Spinoza expressed outrage at the August 20 lynching of de Witt and his brother Cornelis by an Orangist mob; he prepared a placard inscribed ""Ultimi barbarorum"" (""the vilest barbarians"") to affix near the murder site but was restrained by friends to avert personal danger."
C092,32,1,Mature Career and Residences > The Hague Years and Political Engagement,45,,,"In response to the political upheavals, Spinoza composed the Tractatus Politicus, an unfinished work begun around 1675–1676 that systematically defends democracy as the regime most consonant with human equality and liberty, while analyzing monarchy and aristocracy as viable but inferior alternatives under specific conditions."
C093,32,2,Mature Career and Residences > The Hague Years and Political Engagement,44,,,"He argued that the state's primary aim is security through rational obedience, with supreme authority residing in the multitude's collective power, rejecting divine-right absolutism."
C094,32,3,Mature Career and Residences > The Hague Years and Political Engagement,47,,,"In 1673, amid these writings, Spinoza declined an offer from Elector Palatine Charles Louis for a professorship of philosophy at Heidelberg University, citing concerns that public teaching might constrain his freedom of expression despite assurances of latitude short of disturbing public peace."
C095,33,1,Mature Career and Residences > The Hague Years and Political Engagement,48,,,"Spinoza's engagement remained primarily intellectual, eschewing direct office or partisanship, though rumors circulated of overtures from French occupiers in Utrecht that he reportedly rebuffed."
C096,33,2,Mature Career and Residences > The Hague Years and Political Engagement,45,,,"His lens-grinding sustained financial independence, allowing focus on treatises that influenced later republican thought, emphasizing causal realism in politics: human passions must be channeled via institutions to foster mutual accommodation rather than suppressed through superstition or tyranny."
C097,34,1,Mature Career and Residences > Correspondence with Contemporaries,,,49 50,"Spinoza's surviving correspondence comprises 88 letters, with 50 authored by him and 38 addressed to him, spanning from 1661 to 1676 and primarily conducted in Latin."
C098,34,2,Mature Career and Residences > Correspondence with Contemporaries,,,49 50,"These exchanges involved Dutch associates such as Lodewijk Meyer, Jarig Jelles, and Simon de Vries, as well as foreign intellectuals including Henry Oldenburg, the secretary of the Royal Society of London, and the German polymath Gottfried Wilhelm Leibniz."
C099,34,3,Mature Career and Residences > Correspondence with Contemporaries,49 50,,,"The letters addressed philosophical disputes, scientific inquiries, and theological critiques, often clarifying Spinoza's doctrines from unpublished treatises like the Short Treatise on God, Man, and His Well-Being."
C100,35,1,Mature Career and Residences > Correspondence with Contemporaries,,,51 52 50,"A significant portion involved Oldenburg, beginning in July 1661 when he requested explanations of Spinoza's metaphysics."
C101,35,2,Mature Career and Residences > Correspondence with Contemporaries,,,51 52 50,"In Letter 32 (dated November 1665), Spinoza argued that every part of nature necessarily agrees with the whole, as all things follow from God's nature by eternal necessity, rejecting mechanistic alternatives like those of Descartes."
C102,35,3,Mature Career and Residences > Correspondence with Contemporaries,,,51 52 50,"Oldenburg subsequently shared details of Christiaan Huygens's experiments on the sublimation of nitre, which Spinoza incorporated into Letter 73 (June 1666), affirming God as an immanent rather than transient cause of natural phenomena."
C103,35,4,Mature Career and Residences > Correspondence with Contemporaries,51 52 50,,,"These discussions highlighted Spinoza's integration of optical and physical insights from contemporaries, though Oldenburg expressed reservations about Spinoza's apparent atheism."
C104,36,1,Mature Career and Residences > Correspondence with Contemporaries,,,50,"Spinoza's exchanges with Leibniz occurred late in his life, around 1676, when Leibniz sought clarification on concepts like infinite modes and the parallelism of thought and extension from the Ethics."
C105,36,2,Mature Career and Residences > Correspondence with Contemporaries,50,,,"In Letter 69, Spinoza outlined how the infinite intellect comprehends God's attributes sub specie aeternitatis, influencing Leibniz's later formulations on substance and monads, though Leibniz ultimately rejected Spinoza's pantheism as deterministic excess."
C106,37,1,Mature Career and Residences > Correspondence with Contemporaries,,,53,"Theological debates featured prominently with Willem van Blyenbergh, a Dutch merchant, who from December 1664 questioned Spinoza's denial of divine anthropomorphism and final causes in the Short Treatise."
C107,37,2,Mature Career and Residences > Correspondence with Contemporaries,,,53,"Spinoza replied in Letters 27–29, insisting that evil arises from privation rather than positive entity and that human actions follow from God's absolute nature without teleology."
C108,37,3,Mature Career and Residences > Correspondence with Contemporaries,53,,,"By Letter 38 (March 1665), Spinoza curtailed the dialogue, citing irreconcilable premises rooted in scriptural literalism versus geometric reasoning."
C109,38,1,Mature Career and Residences > Correspondence with Contemporaries,,,54 50,"In 1674, Hugo Boxel initiated correspondence defending apparitions and ghosts, referencing classical sources like Pliny and Suetonius as evidence."
C110,38,2,Mature Career and Residences > Correspondence with Contemporaries,,,54 50,"Spinoza countered in Letters 56–58 that such reports stem from confused imagination and prejudice, not supernatural intervention, as adequate knowledge precludes credulity in phantoms; he urged reliance on clear ideas over anecdotal testimony."
C111,38,3,Mature Career and Residences > Correspondence with Contemporaries,54 50,,,These letters exemplify Spinoza's critique of superstition as a barrier to rational understanding.
C112,39,1,Mature Career and Residences > Correspondence with Contemporaries,,,55,"Later letters with mathematicians like Ehrenfried Walther von Tschirnhaus (e.g., Letters 81–82, 1676) probed the Ethics' geometric method and proofs of God's existence, with Tschirnhaus pressing for demonstrations of thought's independence from extension, to which Spinoza responded that finite minds express infinite substance adequately only intuitively."
C113,39,2,Mature Career and Residences > Correspondence with Contemporaries,55,,,Such exchanges underscore Spinoza's reluctance to publish unfinished works and his preference for private elucidation over public controversy.
C114,40,1,"Mature Career and Residences > Final Years, Illness, and Death",11,,,"In May 1670, Spinoza established permanent residence in The Hague, renting rooms where he continued lens-grinding for income while dedicating time to philosophical composition and correspondence with European intellectuals."
C115,40,2,"Mature Career and Residences > Final Years, Illness, and Death",12,,,"During this period, he advanced work on his Tractatus Politicus, an unfinished treatise examining political structures and governance, which was published posthumously by his associates."
C116,40,3,"Mature Career and Residences > Final Years, Illness, and Death",56,,,"He engaged in scientific discourse, including critiques of Robert Boyle's experiments shared through contacts in the Royal Society, reflecting his ongoing interest in natural philosophy."
C117,41,1,"Mature Career and Residences > Final Years, Illness, and Death",57 58,,,"Spinoza's respiratory health, undermined over two decades by chronic phthisis (tuberculosis) and likely worsened by prolonged inhalation of fine glass particles from lens polishing, began a marked decline in 1676."
C118,41,2,"Mature Career and Residences > Final Years, Illness, and Death",8 17,,,"He succumbed to this pulmonary ailment on 21 February 1677, at age 44, in his lodgings, attended by his physician friend Georg Hermann Schuller."
C119,42,1,"Mature Career and Residences > Final Years, Illness, and Death",11,,,"Without a will, Spinoza's unpublished manuscripts passed to friends, including Lodewijk Meyer, who oversaw the release of remaining works."
C120,42,2,"Mature Career and Residences > Final Years, Illness, and Death",49,,,"He was interred on 25 February 1677 in a rented vault within the Nieuwe Kerk in The Hague, near the tomb of Grotius."
C121,43,1,Metaphysical Foundations > Substance Monism and the Concept of God or Nature,59,,,"Spinoza defines substance in his Ethics (Part I, Definition 3) as ""that which is in itself, and is conceived through itself: in other words, that of which a conception can be formed independently of any other conception."""
C122,43,2,Metaphysical Foundations > Substance Monism and the Concept of God or Nature,12,,,"This entity requires no external cause for its existence or intelligibility, distinguishing it from modes, which are modifications or affections dependent on substance for both conception and being."
C123,43,3,Metaphysical Foundations > Substance Monism and the Concept of God or Nature,59,,,"Spinoza argues deductively that only one such substance can exist, as multiple substances sharing an attribute would limit each other, contradicting the infinitude inherent to substance by definition (Ethics I, Definition 6: substance is ""absolutely infinite"")."
C124,43,4,Metaphysical Foundations > Substance Monism and the Concept of God or Nature,60,,,"Proposition 14 of Part I asserts: ""Except God, no substance can be granted or conceived,"" since any posited second substance would either share an attribute (impossible without mutual limitation) or possess entirely distinct attributes (rendering mutual conception impossible)."
C125,44,1,Metaphysical Foundations > Substance Monism and the Concept of God or Nature,59,,,"This singular substance Spinoza identifies as God or Nature (Deus sive Natura), terms used interchangeably to denote the self-caused, infinite reality encompassing all that exists."
C126,44,2,Metaphysical Foundations > Substance Monism and the Concept of God or Nature,12,,,"In Definition 6 of Ethics Part I, God is ""a being absolutely infinite—that is, a substance consisting in infinite attributes, each of which expresses eternal and infinite essentiality."""
C127,44,3,Metaphysical Foundations > Substance Monism and the Concept of God or Nature,12,,,"Unlike traditional theistic conceptions of a transcendent, personal creator, Spinoza's God lacks will, intellect directed toward ends, or capacity for miracles, operating instead through necessity alone (Ethics I, Appendix)."
C128,44,4,Metaphysical Foundations > Substance Monism and the Concept of God or Nature,,,59 61,"Nature divides into natura naturans (nature naturing), the active, productive essence of substance expressed through its attributes, and natura naturata (nature natured), the passive totality of modes following necessarily from that essence."
C129,44,5,Metaphysical Foundations > Substance Monism and the Concept of God or Nature,,,59 61,"Scholars compare natura naturans, as the self-causing active nature/God, to the Daoist concept of ziran (自然而然, spontaneity or self-so), both denoting self-generating processes without external purpose."
C130,44,6,Metaphysical Foundations > Substance Monism and the Concept of God or Nature,59 61,,,"Spinoza rejects teleology: change in natura naturata (modes/existence) is necessary and deterministic, without purpose, akin to the purposeless spontaneous transformations in Daoist ziran."
C131,44,7,Metaphysical Foundations > Substance Monism and the Concept of God or Nature,60,,,"All particular things—bodies, minds, events—are thus finite modes of this one substance, not separate entities but modifications thereof, precluding dualistic or pluralistic ontologies."
C132,44,8,Metaphysical Foundations > Substance Monism and the Concept of God or Nature,12,,,"Spinoza's substance monism underscores the immanence of God or Nature, wherein the divine substance inheres actively within all modes as their immanent cause, rather than existing as a transcendent entity apart from the world; finite things thus arise as inherent modifications of the infinite substance itself."
C133,45,1,Metaphysical Foundations > Substance Monism and the Concept of God or Nature,12,,,"Spinoza's monism rejects final causes, insisting that ""nature has no end set before it, and ... all final causes are nothing but human fictions"" (Ethics I, Appendix), as the order of nature arises from the eternal necessity of substance's attributes rather than teleological design."
C134,45,2,Metaphysical Foundations > Substance Monism and the Concept of God or Nature,59,,,"This framework implies determinism: every mode follows with mathematical certainty from God's nature, akin to theorems from axioms in geometry (Ethics I, Proposition 29)."
C135,45,3,Metaphysical Foundations > Substance Monism and the Concept of God or Nature,12,,,"Scholarly interpretations often classify this as a form of pantheism, where God is immanent in all things yet not reducible to them, though Spinoza avoids equating substance solely with the visible universe, emphasizing its infinite, unknowable attributes beyond human perception of extension and thought."
C136,45,4,Metaphysical Foundations > Substance Monism and the Concept of God or Nature,12,,,"Critics of anthropomorphic religion, including Spinoza himself in the Theological-Political Treatise (1670), viewed traditional God-concepts as superstitious projections, privileging instead this impersonal, self-subsistent totality."
C137,46,1,"Metaphysical Foundations > Attributes, Modes, and Infinite Extension",,,62,"Spinoza defines an attribute as ""that which the intellect perceives of substance, as constituting its essence."""
C138,46,2,"Metaphysical Foundations > Attributes, Modes, and Infinite Extension",62,,,"The singular substance, identified as God or Nature, consists of infinitely many attributes, each expressing an eternal and infinite aspect of its essence."
C139,46,3,"Metaphysical Foundations > Attributes, Modes, and Infinite Extension",,,,"Although infinite in number, Spinoza demonstrates the system primarily through two attributes accessible to human understanding: thought, under which modes are ideas; and extension, under which modes are bodies or spatial modifications."
C140,47,1,"Metaphysical Foundations > Attributes, Modes, and Infinite Extension",62,,,"Modes, by contrast, are defined as ""the affections of a substance, or that which exists in another through which it is also conceived."""
C141,47,2,"Metaphysical Foundations > Attributes, Modes, and Infinite Extension",,,62,All particular things—finite or infinite—exist as modes inhering in the one substance and conceived through one of its attributes.
C142,47,3,"Metaphysical Foundations > Attributes, Modes, and Infinite Extension",,,62,"Finite modes, such as individual human bodies, arise through causal interactions among other modes within a given attribute; infinite modes, however, follow directly and eternally from the substance's nature, expressing its power in unending ways."
C143,47,4,"Metaphysical Foundations > Attributes, Modes, and Infinite Extension",62,,,"Spinoza demonstrates that infinitely many modes flow from any attribute, as the substance's productive necessity yields infinite effects (Ethics I, p16)."
C144,48,1,"Metaphysical Foundations > Attributes, Modes, and Infinite Extension",,,63,"Under the attribute of extension, Spinoza identifies extension itself as an infinite attribute of God, such that ""extension is an attribute of God, or God is an extended thing"" (Ethics II, p2)."
C145,48,2,"Metaphysical Foundations > Attributes, Modes, and Infinite Extension",63,,,"This entails an immediate infinite mode of extension, often interpreted as the universal laws of motion and rest governing all extended bodies, encompassing the totality of spatial reality without division or limitation."
C146,48,3,"Metaphysical Foundations > Attributes, Modes, and Infinite Extension",,,,"Finite extended modes, like particular objects, participate in this infinite extension but depend on it for their existence and conceivability, preserving the unity of substance across all modifications."
C147,49,1,Metaphysical Foundations > Critique of Cartesian Dualism,,,60 64,"Spinoza's Renati des Cartes Principiorum Philosophiae Pars I & II, More Geometrico Demonstratae (1663), commonly known as the Principles of Cartesian Philosophy, served as both an exposition and a critique of Descartes' metaphysics, including his substance dualism."
C148,49,2,Metaphysical Foundations > Critique of Cartesian Dualism,,,60 64,"In this work, Spinoza adopts Descartes' definitions of substance, attribute, and mode but demonstrates their implications geometrically, revealing inconsistencies in positing mind as a thinking substance and body as an extended substance."
C149,49,3,Metaphysical Foundations > Critique of Cartesian Dualism,60 64,,,"He argues that Descartes' dualism fails to adequately explain the union of mind and body, as separate substances with distinct principal attributes—thought for mind and extension for body—cannot causally interact without violating the independence inherent to substances."
C150,50,1,Metaphysical Foundations > Critique of Cartesian Dualism,,,12 65 66,"In his mature Ethics (published posthumously in 1677), Spinoza systematically rejects Cartesian dualism through substance monism, asserting that only one infinite substance exists, which he equates with God or Nature (Deus sive Natura)."
C151,50,2,Metaphysical Foundations > Critique of Cartesian Dualism,,,12 65 66,"This substance possesses infinite attributes, including thought and extension, which are not separate substances but parallel expressions of the same reality."
C152,50,3,Metaphysical Foundations > Critique of Cartesian Dualism,,,12 65 66,"Spinoza critiques Descartes' acceptance of multiple finite substances alongside God, contending that such a view equivocates on the concept of substance: true substance must be self-caused and independent (causa sui), allowing no room for plural, created substances dependent on a divine creator."
C153,50,4,Metaphysical Foundations > Critique of Cartesian Dualism,12 65 66,,,"By contrast, Descartes' finite minds and bodies require divine intervention for their existence and interaction, undermining the self-sufficiency of substance."
C154,51,1,Metaphysical Foundations > Critique of Cartesian Dualism,,,67 64 65,"A core flaw Spinoza identifies in dualism is the mind-body interaction problem: if mind and body are ontologically distinct, their causal relations—such as volitions causing motions—become inexplicable without positing an arbitrary divine concurrence or a problematic union, as Descartes attempted via the pineal gland."
C155,51,2,Metaphysical Foundations > Critique of Cartesian Dualism,,,67 64 65,"Spinoza resolves this via the doctrine of parallelism (Ethics 2p7), where mental events and physical events are not causally interactive but numerically identical modes under different attributes; the order and connection of ideas in the mind mirrors that of bodies in extension, determined by the necessity of the divine nature alone."
C156,51,3,Metaphysical Foundations > Critique of Cartesian Dualism,67 64 65,,,"This parallelism preserves causal closure within each attribute while avoiding dualism's explanatory gaps, as both mind and body follow from the eternal essence of the single substance."
C157,52,1,Metaphysical Foundations > Critique of Cartesian Dualism,,,65 68 12,Spinoza further argues that Descartes' criterion for distinguishing substances—mutual inconceivability—erroneously infers ontological separation from conceptual distinction.
C158,52,2,Metaphysical Foundations > Critique of Cartesian Dualism,,,65 68 12,"While thought and extension are indeed conceived through themselves (Ethics 1d4, 1d5), this does not entail separate substances, as attributes can inhere in one underlying substance comprehensible only sub specie aeternitatis."
C159,52,3,Metaphysical Foundations > Critique of Cartesian Dualism,65 68 12,,,"Descartes' dualism thus fragments reality into competing finite entities, incompatible with the infinite, necessary nature of existence, whereas Spinoza's monism unifies all phenomena under deterministic necessity, eliminating arbitrary divine will and substance plurality."
C160,53,1,Epistemology and Human Knowledge > Three Kinds of Knowledge,69,,,"In Ethics Part II, Proposition 40, Scholium 2, Spinoza classifies human cognition into three distinct kinds, ordered by increasing adequacy and certainty: the knowledge of imagination, the knowledge of reason, and intuitive knowledge."
C161,53,2,Epistemology and Human Knowledge > Three Kinds of Knowledge,70,,,"This division arises from his analysis of how ideas form in the mind as modes of thought corresponding to bodily affections, with adequacy determined by whether an idea involves only the object's essence or extraneous factors."
C162,53,3,Epistemology and Human Knowledge > Three Kinds of Knowledge,71,,,"The first two kinds predominate in ordinary human experience and often yield inadequate ideas susceptible to error, while the third represents the pinnacle of intellectual perfection, enabling direct comprehension of things sub specie aeternitatis (under the aspect of eternity)."
C163,54,1,Epistemology and Human Knowledge > Three Kinds of Knowledge,71,,,"The first kind of knowledge, derived from ""vague or random experience"" (vaga experientia) or from signs such as words and images, constitutes the realm of imagination and opinion."
C164,54,2,Epistemology and Human Knowledge > Three Kinds of Knowledge,69,,,"It arises passively from sensory perceptions and memory, producing ideas that reflect singular, contingent bodily encounters rather than essences; these ideas are mutilated, confused, and dependent on external causes, rendering them unreliable and prone to falsity."
C165,54,3,Epistemology and Human Knowledge > Three Kinds of Knowledge,70,,,"For instance, one might form a notion of a horse from repeated sightings without grasping its necessary properties, leading to variable and inadequate representations."
C166,54,4,Epistemology and Human Knowledge > Three Kinds of Knowledge,72,,,"Spinoza emphasizes that this kind, while useful for survival and communication, cannot yield certain truth, as it fragments reality into disconnected particulars without causal insight."
C167,54,5,Epistemology and Human Knowledge > Three Kinds of Knowledge,,,,Spinoza's treatment of words as signs in the first kind of knowledge reflects his broader views on natural languages.
C168,54,6,Epistemology and Human Knowledge > Three Kinds of Knowledge,,,,"He regarded natural languages as conventional systems of signs that primarily serve to evoke associated images and experiences in the mind, thereby remaining within the passive and inadequate realm of imagination."
C169,54,7,Epistemology and Human Knowledge > Three Kinds of Knowledge,,,,"Due to their historical and cultural origins, natural languages are often ambiguous, imprecise, and ill-suited for expressing eternal truths or clear and distinct ideas."
C170,54,8,Epistemology and Human Knowledge > Three Kinds of Knowledge,,,,"This inadequacy of ordinary language motivated Spinoza to employ the rigorous geometric method in his Ethics, allowing philosophical truths to be demonstrated deductively with minimal reliance on verbal ambiguity and interpretation."
C171,55,1,Epistemology and Human Knowledge > Three Kinds of Knowledge,71,,,"The second kind of knowledge, or reason (ratio), involves adequate ideas formed from ""common notions"" (notiones communes)—universal properties shared by all things, such as extension or the principle of contradiction, known through the intellect's innate capacity."
C172,55,2,Epistemology and Human Knowledge > Three Kinds of Knowledge,69,,,"Accessible via deductive reasoning and the geometric method, it provides clear and distinct understanding of essences and laws governing finite modes, independent of imagination's distortions."
C173,55,3,Epistemology and Human Knowledge > Three Kinds of Knowledge,70,,,"Spinoza illustrates this with arithmetic: recognizing that 2 + 2 = 4 stems from the common property of equality among numbers, yielding necessity rather than mere enumeration."
C174,55,4,Epistemology and Human Knowledge > Three Kinds of Knowledge,72,,,"Though adequate within its scope, reason remains discursive and limited to general truths, falling short of the singular essence of individual things in their eternal necessity."
C175,56,1,Epistemology and Human Knowledge > Three Kinds of Knowledge,71,,,"The third kind of knowledge, termed intuitive knowledge (scientia intuitiva), proceeds directly from an adequate idea of God's essence (or certain attributes) to the essence of finite things, apprehending particulars as necessary expressions of the infinite substance."
C176,56,2,Epistemology and Human Knowledge > Three Kinds of Knowledge,69,,,"Unlike reason's stepwise inference, it yields immediate, holistic insight sub specie aeternitatis, transforming passive affects into active joy and intellectual love of God, culminating in beatitudo (blessedness)."
C177,56,3,Epistemology and Human Knowledge > Three Kinds of Knowledge,70,,,"Returning to the arithmetic example, it equates to grasping 4's essence instantaneously from the nature of unity itself, bypassing mediation."
C178,56,4,Epistemology and Human Knowledge > Three Kinds of Knowledge,72,,,"Spinoza holds this rare attainment as the mind's highest freedom, though he provides no explicit method beyond cultivating reason to access it, underscoring its dependence on aligning the mind with divine necessity."
C179,57,1,Epistemology and Human Knowledge > Geometric Method and Rational Demonstration,73,,,"Spinoza's Ethics (Ethica ordine geometrico demonstrata), composed primarily between 1662 and 1675, employs a deductive structure modeled on Euclidean geometry to systematically derive metaphysical, epistemological, and ethical conclusions from foundational principles."
C180,57,2,Epistemology and Human Knowledge > Geometric Method and Rational Demonstration,74,,,"This approach begins with definitions of key terms, such as ""substance"" as that which exists in itself and is conceived through itself, followed by axioms that assert self-evident truths, like the proposition that from a given determinate cause an effect necessarily follows."
C181,57,3,Epistemology and Human Knowledge > Geometric Method and Rational Demonstration,11,,,"Propositions are then demonstrated through rigorous proofs drawing solely on prior definitions, axioms, and established propositions, with corollaries providing immediate consequences and scholia offering explanatory notes or alternative demonstrations."
C182,58,1,Epistemology and Human Knowledge > Geometric Method and Rational Demonstration,75,,,"The method's formal elements ensure logical progression without reliance on empirical induction or rhetorical persuasion, aiming to replicate the certainty of mathematical reasoning in philosophical inquiry."
C183,58,2,Epistemology and Human Knowledge > Geometric Method and Rational Demonstration,74,,,"For instance, Proposition 7 in Part I states that ""it pertains to the nature of a substance to exist,"" proved by showing that existence belongs to its essence as defined, independent of external causes."
C184,58,3,Epistemology and Human Knowledge > Geometric Method and Rational Demonstration,73,,,"This chain of deductions builds cumulatively across five parts, from the nature of substance and God (Part I) to human bondage and freedom (Parts IV–V), preventing gaps or ad hoc assumptions."
C185,59,1,Epistemology and Human Knowledge > Geometric Method and Rational Demonstration,73,,,"Influenced by Euclid's Elements (c. 300 BCE), which Spinoza studied and which provided the paradigm of axiomatic deduction from primitive notions, the method also reflects René Descartes's earlier attempts to geometrize philosophy, as in the appended Geometry to his Discourse on Method (1637) and the synthetic order of the Meditations (1641)."
C186,59,2,Epistemology and Human Knowledge > Geometric Method and Rational Demonstration,75,,,"Unlike Descartes, who applied it selectively and prioritized intuition over strict deduction for foundational truths like the cogito, Spinoza extends it comprehensively to encompass his entire system, rejecting Cartesian reliance on clear and distinct ideas derived from doubt."
C187,59,3,Epistemology and Human Knowledge > Geometric Method and Rational Demonstration,11,,,"Spinoza critiqued Descartes's method for insufficient rigor in deducing extended reality from thought, instead grounding his own in a parallelism of attributes where order of ideas mirrors order of things."
C188,60,1,Epistemology and Human Knowledge > Geometric Method and Rational Demonstration,73,,,"In Spinoza's epistemology, this geometric presentation facilitates the second kind of knowledge—reason—by generating adequate ideas that adequately cause their effects, paralleling the causal necessity emanating from God or Nature."
C189,60,2,Epistemology and Human Knowledge > Geometric Method and Rational Demonstration,76,,,"He viewed the method not merely as stylistic but as ontologically reflective: the deductive necessity of proofs mirrors the deterministic necessity of finite modes following from infinite substance, enabling rational demonstration of truths inaccessible to sensory imagination."
C190,60,3,Epistemology and Human Knowledge > Geometric Method and Rational Demonstration,11,,,"Critics, including some contemporaries like Leibniz, noted potential circularity in axioms presupposing substantive conclusions, yet Spinoza insisted the method's validity rests on its alignment with the intellect's innate capacity for eternal truths, independent of contingent experience."
C191,61,1,Epistemology and Human Knowledge > Limitations of Imagination and Sensory Experience,,,77,"Spinoza identifies the first kind of knowledge as arising from sensory experience and imagination, which he terms ""opinion or imagination."""
C192,61,2,Epistemology and Human Knowledge > Limitations of Imagination and Sensory Experience,77,,,"This form of cognition originates in the mind's ideas of the affections of the body as affected by external bodies, producing images or signs rather than a direct grasp of essences or necessary properties."
C193,61,3,Epistemology and Human Knowledge > Limitations of Imagination and Sensory Experience,77,,,"Such ideas are inherently partial, reflecting the body's current disposition rather than the full causal order of nature, as explicated in Ethics Part II, Proposition 17: ""If the human body is affected in a manner which involves the nature of any external body, the human mind will regard the said external body as actually existing."""
C194,62,1,Epistemology and Human Knowledge > Limitations of Imagination and Sensory Experience,,,77,"The primary limitation of imagination lies in its inadequacy, meaning the ideas lack the intrinsic marks of truth and involve external causes beyond the mind's full comprehension."
C195,62,2,Epistemology and Human Knowledge > Limitations of Imagination and Sensory Experience,77,,,"In Ethics IIp25, Spinoza demonstrates that ""the idea of each modification of the human body does not involve an adequate knowledge of the external body,"" because sensory perceptions capture only effects on the perceiver, mutilating the object's true nature by omitting infinite concurrent causes."
C196,62,3,Epistemology and Human Knowledge > Limitations of Imagination and Sensory Experience,77,,,"This partiality renders imaginative knowledge confused and obscure (IIp28), as the mind compounds ideas without discerning their necessary connections, leading to representations that vary with bodily states rather than fixed realities."
C197,63,1,Epistemology and Human Knowledge > Limitations of Imagination and Sensory Experience,,,77,"Furthermore, imagination serves as the sole source of falsity and error in cognition."
C198,63,2,Epistemology and Human Knowledge > Limitations of Imagination and Sensory Experience,77,,,"As stated in Ethics IIp41, ""knowledge of the first kind is the only cause of falsity,"" since inadequate ideas constitute a privation of knowledge, mistaking fragmentary experiences for complete truths (IIp35)."
C199,63,3,Epistemology and Human Knowledge > Limitations of Imagination and Sensory Experience,77,,,"For instance, sensory experience may present the sun as proximate—approximately 200 feet distant—despite rational knowledge of its actual remoteness; this imaginative distortion persists unless overridden by stronger contrary ideas, underscoring its passive and unreliable character (IIp17, note)."
C200,63,4,Epistemology and Human Knowledge > Limitations of Imagination and Sensory Experience,77,,,"Such errors extend to memory, where associations of past affections form haphazard links (IIp18), fostering superstitions or unfounded judgments detached from causal necessity."
C201,64,1,Epistemology and Human Knowledge > Limitations of Imagination and Sensory Experience,77,,,"These limitations impede adequate understanding and perpetuate bondage to passions, as imaginative ideas render the mind passive toward external influences (IIp3)."
C202,64,2,Epistemology and Human Knowledge > Limitations of Imagination and Sensory Experience,77,,,"While higher forms of knowledge—reason and intuition—can comprehend and mitigate imaginative deficiencies by revealing common notions and eternal truths, sensory-based cognition alone cannot attain clarity or freedom, confining humans to fluctuating opinions unless elevated through intellectual discipline."
C203,65,1,Ethics and Psychology > Conatus Principle and Human Striving,78 79,,,"In Ethics Part III, Proposition 6, Spinoza posits that ""each thing, as far as it can by its own power, strives to persevere in its being,"" identifying this conatus—Latin for ""striving"" or ""endeavor""—as the fundamental drive inherent to every finite entity as its actual essence (Proposition 7)."
C204,65,2,Ethics and Psychology > Conatus Principle and Human Striving,78,,,"This principle derives from Spinoza's metaphysics, where finite modes express God's infinite power finitely, such that perseverance aligns with the necessity of nature rather than teleological purpose."
C205,66,1,Ethics and Psychology > Conatus Principle and Human Striving,78,,,"For human beings, as composite modes of extension and thought, conatus manifests as the effort to maintain and augment one's power of acting (potentia agendi), encompassing both body and mind (Part III, Proposition 9 and scholium)."
C206,66,2,Ethics and Psychology > Conatus Principle and Human Striving,78 79,,,"Appetite denotes conatus in relation to mind and body conjointly, while desire (cupiditas) emerges when this striving becomes conscious, defining human motivation at its core: ""Desire can be defined as appetite together with consciousness of the appetite"" (Part III, Definition of Affects I)."
C207,66,3,Ethics and Psychology > Conatus Principle and Human Striving,78,,,"Thus, all human actions stem from this innate tendency to affirm existence and resist diminution, without external final causes."
C208,67,1,Ethics and Psychology > Conatus Principle and Human Striving,78,,,"This human striving grounds Spinoza's analysis of affects, where transitions in conatus determine emotional states: joy signifies an increase in power (Part III, Proposition 11 scholium), sadness a decrease, and active emotions arise from adequate ideas enhancing perseverance (Proposition 59)."
C209,67,2,Ethics and Psychology > Conatus Principle and Human Striving,79,,,"Ethically, unaided conatus yields bondage to passive affects from external causes, but rational understanding redirects striving toward self-determination, equating virtue with ""acting according to the laws of one's own nature"" (Part IV, Proposition 37)."
C210,67,3,Ethics and Psychology > Conatus Principle and Human Striving,79 78,,,"The ""striving to preserve oneself is the first and only foundation of virtue"" (Part IV, Proposition 22 corollary), as reason amplifies conatus by aligning it with eternal truths, fostering intellectual joy and freedom from fortune's sway."
C211,68,1,Ethics and Psychology > Analysis of Passions and Emotions,80,,,"In Ethics Part III, Spinoza systematically examines the origin and nature of the affects (Latin: affectus), which encompass both passions and active emotions, presenting them as modifications of the body that increase or diminish its power of acting, paralleled by corresponding ideas in the mind."
C212,68,2,Ethics and Psychology > Analysis of Passions and Emotions,81,,,"He argues that affects arise necessarily from the interaction of bodies, determined by their essences and external encounters, rather than from arbitrary volition or supernatural intervention."
C213,68,3,Ethics and Psychology > Analysis of Passions and Emotions,,,,"This deterministic framework derives from the conatus doctrine established earlier, wherein each thing's essence is its striving to persevere in its being; thus, affects reflect transitions in the power of acting inherent to finite modes like human bodies./Part_3#Proposition_6)"
C214,69,1,Ethics and Psychology > Analysis of Passions and Emotions,,,82,"Spinoza identifies three primary affects: desire, joy, and sadness."
C215,69,2,Ethics and Psychology > Analysis of Passions and Emotions,82,,,"Desire is the conscious appetite stemming from conatus, constituting the essence of a human as determined to specific actions by bodily modifications."
C216,69,3,Ethics and Psychology > Analysis of Passions and Emotions,83,,,"Joy signifies a passive transition to greater perfection, wherein the mind's power of thinking increases alongside the body's enhanced capacity to act."
C217,69,4,Ethics and Psychology > Analysis of Passions and Emotions,83,,,"Conversely, sadness denotes a transition to lesser perfection, diminishing both bodily and mental power."
C218,69,5,Ethics and Psychology > Analysis of Passions and Emotions,84,,,"All other affects are composites or derivatives of these primaries; for instance, love is joy accompanied by the idea of an external cause, while hate is sadness with such an idea."
C219,70,1,Ethics and Psychology > Analysis of Passions and Emotions,85 86,,,"Central to Spinoza's distinction is the active-passive dichotomy: an affect is active when the mind is the adequate cause, arising from clear and distinct ideas aligned with reason, thereby enhancing self-determination; it is passive (a passion) when the mind is only a partial cause, stemming from inadequate, confused ideas of external influences that constrain or aid the body's power unpredictably."
C220,70,2,Ethics and Psychology > Analysis of Passions and Emotions,87,,,"Passions dominate human experience due to the prevalence of sensory and imaginative knowledge, subjecting individuals to ""bondage"" as external causes drive vacillations in power, akin to ""waves of the sea driven by contrary winds."""
C221,70,3,Ethics and Psychology > Analysis of Passions and Emotions,88 89,,,"Yet, Spinoza emphasizes that passions follow the same necessity as other natural phenomena, admitting no exceptions for human will; their force equals that of adequate ideas, but comprehension of their causes—via reason—transforms passive suffering into active mastery, as understanding yields joy and reduces sadness's dominion."
C222,71,1,Ethics and Psychology > Analysis of Passions and Emotions,81,,,"This analysis rejects voluntarist or faculty-psychology models prevalent in Cartesian thought, treating emotions not as irrational perturbations but as lawful expressions of nature's geometry, where mitigation occurs not by suppression but by opposing affects of greater power or intellectual insight into necessity."
C223,71,2,Ethics and Psychology > Analysis of Passions and Emotions,90,,,"Spinoza's taxonomy, appended as definitions at Part III's close, enumerates 48 specific affects (e.g., wonder, contempt, generosity), all reducible to the primaries and analyzable for their effects on perseverance."
C224,72,1,Ethics and Psychology > Path to Intellectual Love of God and Freedom,79,,,"Spinoza posits that true human freedom consists in the mind's capacity to act from the necessity of its own nature rather than being determined by external causes, a state achieved through the cultivation of adequate knowledge that aligns the individual with the eternal order of Nature or God."
C225,72,2,Ethics and Psychology > Path to Intellectual Love of God and Freedom,91,,,"This freedom emerges as the mind increases its power of understanding, thereby diminishing the influence of passive emotions (affectus passivi) that arise from inadequate ideas and external contingencies."
C226,72,3,Ethics and Psychology > Path to Intellectual Love of God and Freedom,92,,,"In Ethics Part V, Spinoza argues that the mind's liberation from these passions occurs via rational self-mastery, where actions proceed from conatus—the striving to persevere in being—guided by reason rather than fortune or impulse."
C227,73,1,Ethics and Psychology > Path to Intellectual Love of God and Freedom,,,93 78,"The path to this freedom culminates in the amor Dei intellectualis, or intellectual love of God, which Spinoza defines as a joy accompanied by the idea of God as its cause, attained through the highest form of knowledge."
C228,73,2,Ethics and Psychology > Path to Intellectual Love of God and Freedom,93 78,,,"This joyful affirmation through understanding involves embracing the necessities of nature, where adequate knowledge aligns conatus with eternal truths, increasing one's power of acting and yielding beatitude as an active, enduring contentment."
C229,73,3,Ethics and Psychology > Path to Intellectual Love of God and Freedom,94,,,"This love is not sentimental or devotional in a traditional sense but an intellectual affirmation of one's place within the infinite causal necessity of substance, yielding beatitudo—a stable contentment of mind that is eternal insofar as it inheres in the mind's adequate and eternal ideas."
C230,73,4,Ethics and Psychology > Path to Intellectual Love of God and Freedom,95,,,"Unlike sensory or imaginative knowledge, which binds the mind to mutable bodies and transient affects, intuitive knowledge (scientia intuitiva) enables the mind to view singular things under the aspect of eternity (sub specie aeternitatis), revealing their essence as modes of God's attributes and thereby generating this active joy."
C231,74,1,Ethics and Psychology > Path to Intellectual Love of God and Freedom,96,,,"Spinoza outlines the progression toward this intellectual love and freedom as a therapeutic process: first, through reason, one forms common notions of properties shared across bodies, achieving partial adequacy and control over passions by understanding their causes; this prepares the ground for intuition, where the mind grasps the essence of itself and other things in God, transforming passive bondage into active blessedness."
C232,74,2,Ethics and Psychology > Path to Intellectual Love of God and Freedom,70,,,"The result is not escape from determinism—since all things follow necessarily from God's nature—but liberation from ignorance of necessity, allowing the mind to ""possess"" eternity during life and persist immortally beyond bodily death in the form of its intellectual capacities."
C233,74,3,Ethics and Psychology > Path to Intellectual Love of God and Freedom,97,,,"Spinoza emphasizes that this path demands disciplined intellectual effort, as the mind's default entanglement in imagination favors error and servitude, but rational demonstration and ethical practice can elevate it to union with the divine intellect, where freedom is realized as necessity embraced."
C234,75,1,Political and Theological Philosophy > Biblical Hermeneutics and Prophecy,98,,,"Spinoza analyzed prophecy primarily in chapters 1 and 2 of his Tractatus Theologico-Politicus, defining it as certain knowledge of unseen things revealed by God through the imagination rather than reason."
C235,75,2,Political and Theological Philosophy > Biblical Hermeneutics and Prophecy,98,,,"This revelation is adapted to the prophet's pre-existing opinions and temperament, ensuring the message promotes piety and obedience among the common people."
C236,75,3,Political and Theological Philosophy > Biblical Hermeneutics and Prophecy,98,,,"Prophets achieve moral certainty via accompanying signs, such as miracles, but their insights lack the inherent certainty of rational demonstration."
C237,76,1,Political and Theological Philosophy > Biblical Hermeneutics and Prophecy,98,,,"Unlike rational knowledge, which is universal and adequate, prophetic knowledge varies by individual imaginative capacity and background; for instance, cheerful prophets envisioned triumphs while melancholic ones foresaw calamities."
C238,76,2,Political and Theological Philosophy > Biblical Hermeneutics and Prophecy,98,,,"Moses held a superior position, having heard God's voice directly without intermediary images, yet even he conveyed truths through accommodations to popular understanding."
C239,76,3,Political and Theological Philosophy > Biblical Hermeneutics and Prophecy,98,,,"Spinoza emphasized that prophecy does not confer superior intellectual wisdom but serves a moral purpose, accessible to non-Hebrews as well, as evidenced by figures like Balaam."
C240,76,4,Political and Theological Philosophy > Biblical Hermeneutics and Prophecy,98,,,"Christ, in Spinoza's view, uniquely perceived divine truths adequately, transcending the imaginative mode typical of other prophets."
C241,77,1,Political and Theological Philosophy > Biblical Hermeneutics and Prophecy,,,98,Spinoza's hermeneutic method underscores his understanding of natural languages as historical artifacts requiring careful philological analysis.
C242,77,2,Political and Theological Philosophy > Biblical Hermeneutics and Prophecy,,,98,"By insisting on interpretation from the ""history of the language"" and the usage of words in their original context, he treated languages like Hebrew as natural, human creations subject to ambiguity and evolution, rather than divinely perfect or transparent mediums."
C243,77,3,Political and Theological Philosophy > Biblical Hermeneutics and Prophecy,,,98,This approach aligns with his view that scripture accommodates itself to human imaginative capacities through the vehicle of natural language.
C244,77,4,Political and Theological Philosophy > Biblical Hermeneutics and Prophecy,98,,,"In chapter 7, Spinoza outlined a methodical approach to biblical hermeneutics, insisting that scripture be interpreted solely from its own terms, akin to constructing a natural history of the text."
C245,77,5,Political and Theological Philosophy > Biblical Hermeneutics and Prophecy,98,,,"This requires ascertaining the original language—primarily Hebrew, with its ambiguities from lacking vowels and punctuation—the authors' historical circumstances, and the sequence of narratives."
C246,77,6,Political and Theological Philosophy > Biblical Hermeneutics and Prophecy,98,,,"Interpretations must prioritize clear, frequently repeated doctrines over obscure passages, resolving ambiguities by cross-referencing similar texts and accepting inconsistencies as signs of multiple human authors rather than divine perfection."
C247,78,1,Political and Theological Philosophy > Biblical Hermeneutics and Prophecy,98,,,"The method demands reconstructing the prophets' intentions within their era's context, focusing on moral imperatives like justice, charity, and love of neighbor, which Spinoza identified as scripture's universal core, verifiable by reason."
C248,78,2,Political and Theological Philosophy > Biblical Hermeneutics and Prophecy,98,,,"Ceremonial laws and historical narratives, by contrast, are context-specific and non-binding outside their original settings."
C249,78,3,Political and Theological Philosophy > Biblical Hermeneutics and Prophecy,98,,,"By divorcing interpretation from philosophical presuppositions or ecclesiastical authority, Spinoza aimed to extract practical guidance for virtuous living, fostering piety without superstition and safeguarding intellectual freedom."
C250,78,4,Political and Theological Philosophy > Biblical Hermeneutics and Prophecy,98,,,"This historical-critical framework treats the Bible as a human document, composed through editorial processes like those attributed to Ezra, rather than an infallible supernatural artifact."
C251,79,1,Political and Theological Philosophy > Separation of Theology and Philosophy,,,99,"In his Tractatus Theologico-Politicus published anonymously in 1670, Baruch Spinoza delineates a strict separation between theology and philosophy, arguing that each pursues distinct objectives through incompatible methods."
C252,79,2,Political and Theological Philosophy > Separation of Theology and Philosophy,99,,,"Theology, derived from scripture, serves to foster obedience to God, which Spinoza equates with the practice of justice and charity toward one's neighbor, rather than to convey speculative knowledge about the divine essence or natural order."
C253,79,3,Political and Theological Philosophy > Separation of Theology and Philosophy,,,98,"Scripture, accommodated to the capacities of ordinary people across diverse historical contexts, employs imaginative narratives and prophetic visions tailored to promote moral conduct and social harmony, not rational demonstration of truths."
C254,79,4,Political and Theological Philosophy > Separation of Theology and Philosophy,98,,,"Thus, the Bible's authority rests in its ethical imperatives, which demand piety without requiring intellectual assent to its literal or metaphorical interpretations beyond practical utility."
C255,80,1,Political and Theological Philosophy > Separation of Theology and Philosophy,12,,,"Philosophy, by contrast, relies on reason and the geometric method to achieve adequate ideas of God—conceived as Deus sive Natura—yielding certain knowledge of causes, necessity, and human blessedness through intellectual love."
C256,80,2,Political and Theological Philosophy > Separation of Theology and Philosophy,45,,,"Spinoza maintains that scripture neither teaches nor contradicts philosophy because its aim is practical obedience, not theoretical wisdom; any attempt to extract philosophical doctrines from it, as attempted by medieval thinkers like Maimonides, distorts both domains and breeds superstition and doctrinal strife."
C257,80,3,Political and Theological Philosophy > Separation of Theology and Philosophy,98,,,"Theologians who philosophize via revelation impose dogmas that stifle inquiry, while philosophers meddling in exegesis undermine scriptural simplicity; proper demarcation preserves philosophy's autonomy for truth-seeking while upholding theology's role in civic virtue."
C258,81,1,Political and Theological Philosophy > Separation of Theology and Philosophy,,,100,"This bifurcation extends to political implications, justifying freedom of philosophizing under sovereign authority."
C259,81,2,Political and Theological Philosophy > Separation of Theology and Philosophy,100,,,"Individuals may dissent intellectually from theological tenets without violating piety, as long as they obey laws and scripture's universal moral commands—love of God and neighbor—which align with reason's dictates for self-preservation and societal peace."
C260,81,3,Political and Theological Philosophy > Separation of Theology and Philosophy,45,,,"Spinoza critiques clerical interference, where priests claim interpretive monopoly, as fostering intolerance; separating theology's pastoral function from philosophy's rational pursuit ensures neither hampers the other, promoting enlightened governance over fanaticism."
C261,81,4,Political and Theological Philosophy > Separation of Theology and Philosophy,98,,,"Empirical observation of historical religious conflicts, such as those in Spinoza's own Dutch Republic amid Calvinist orthodoxy, underscores his causal reasoning that conflation invites persecution, whereas separation correlates with tolerance and intellectual progress."
C262,82,1,"Political and Theological Philosophy > State Authority, Democracy, and Enlightened Rule",45,,,"Spinoza conceives state authority as grounded in natural right, which he equates with power or the capacity to act effectively."
C263,82,2,"Political and Theological Philosophy > State Authority, Democracy, and Enlightened Rule",45,,,"In this view, the sovereign's right extends as far as its power to enforce commands, limited only by the practical ability to maintain control over subjects."
C264,82,3,"Political and Theological Philosophy > State Authority, Democracy, and Enlightened Rule",45 101,,,"The primary purpose of the state is to secure peace and mutual security among individuals, freeing them from the fear and instability of the state of nature where each pursues self-preservation through limited personal power."
C265,82,4,"Political and Theological Philosophy > State Authority, Democracy, and Enlightened Rule",101,,,"This authority is absolute in principle, as subjects transfer their natural rights to the sovereign in exchange for protection, though the sovereign remains bound by the need to preserve its own power."
C266,83,1,"Political and Theological Philosophy > State Authority, Democracy, and Enlightened Rule",45 101,,,"Among forms of government, Spinoza identifies democracy as the most natural and preferable regime."
C267,83,2,"Political and Theological Philosophy > State Authority, Democracy, and Enlightened Rule",45,,,"In Tractatus Politicus (TP), he argues that democracy best preserves individual liberty while achieving collective stability, as the multitude retains sovereignty by delegating only the exercise of power, not the right itself."
C268,83,3,"Political and Theological Philosophy > State Authority, Democracy, and Enlightened Rule",45,,,"This form approximates the equality of the natural state, minimizing alienation and resentment that could undermine authority in more hierarchical systems like monarchy or aristocracy."
C269,83,4,"Political and Theological Philosophy > State Authority, Democracy, and Enlightened Rule",45,,,"Democracy's epistemic advantages arise from broad deliberation in large assemblies, which enhance rational decision-making and reduce factionalism by aligning public and private interests."
C270,84,1,"Political and Theological Philosophy > State Authority, Democracy, and Enlightened Rule",45,,,Spinoza's advocacy for enlightened rule emphasizes institutional designs that promote rational governance without relying on the virtue of rulers.
C271,84,2,"Political and Theological Philosophy > State Authority, Democracy, and Enlightened Rule",45,,,"While full rational enlightenment is rare and a private virtue, the state should foster conditions for reason's exercise, such as freedom of thought and expression, which he deems essential for stability in Tractatus Theologico-Politicus (TTP)."
C272,84,3,"Political and Theological Philosophy > State Authority, Democracy, and Enlightened Rule",45 101,,,"Rather than enlightened despotism, he favors democratic mechanisms—like councils and checks on power—to channel passions toward peace via rational affects, acknowledging that most citizens are guided by imagination rather than pure reason."
C273,84,4,"Political and Theological Philosophy > State Authority, Democracy, and Enlightened Rule",45,,,"Thus, enlightened rule manifests through structural incentives for the sovereign to prioritize security and tolerance, enabling philosophical inquiry without direct enforcement of rational doctrines."
C274,85,1,Major Works and Their Reception > Tractatus Theologico-Politicus (1670),5,,,The Tractatus Theologico-Politicus was composed by Spinoza between 1665 and 1669 and published anonymously in Amsterdam in 1670 by the printer Jan Rieuwertsz.
C275,85,2,Major Works and Their Reception > Tractatus Theologico-Politicus (1670),98,,,"The work spans twenty chapters, with the first fifteen addressing theological topics such as prophecy, miracles, and scriptural interpretation, while the final five focus on political theory, including the foundations of state authority and the role of religion in society."
C276,85,3,Major Works and Their Reception > Tractatus Theologico-Politicus (1670),98,,,"Spinoza's explicit aim was to demonstrate that ""freedom of judgement is in itself most useful for piety and the peace of the State,"" arguing against clerical interference in philosophical inquiry and state affairs."
C277,86,1,Major Works and Their Reception > Tractatus Theologico-Politicus (1670),,,45,"In the treatise, Spinoza advances a method of biblical hermeneutics grounded in historical and contextual analysis rather than dogmatic presuppositions."
C278,86,2,Major Works and Their Reception > Tractatus Theologico-Politicus (1670),45,,,"He contends that the Bible's authors accommodated their teachings to the capacities of ordinary people, conveying moral and political lessons through imaginative language rather than universal philosophical truths."
C279,86,3,Major Works and Their Reception > Tractatus Theologico-Politicus (1670),98,,,"Prophecy, for Spinoza, arises from vivid imagination rather than superior intellect, serving to promote obedience and social cohesion among the masses, while miracles are events understood within the fixed order of nature, not supernatural interventions."
C280,86,4,Major Works and Their Reception > Tractatus Theologico-Politicus (1670),,,,"This approach separates the pursuit of certain knowledge—achievable through reason alone—from the variable interpretations of scripture, which should be evaluated empirically based on linguistic, historical, and authorial evidence."
C281,87,1,Major Works and Their Reception > Tractatus Theologico-Politicus (1670),45,,,"Politically, Spinoza defends the sovereignty of the state over religious interpretation to maintain peace, asserting that the sovereign holds the right to determine what doctrines are taught publicly, as threats to stability arise from actions, not private thoughts."
C282,87,2,Major Works and Their Reception > Tractatus Theologico-Politicus (1670),98,,,"He advocates for freedom of thought and expression as compatible with republican governance, provided they do not incite disobedience, and critiques theocratic models by showing how Hebrew polity under Moses integrated religion into civil law for unity, a model ill-suited to diverse modern states."
C283,87,3,Major Works and Their Reception > Tractatus Theologico-Politicus (1670),98,,,"True piety, in Spinoza's view, consists in justice and charity, not ritual or superstition, aligning ethical conduct with rational self-interest under civil authority."
C284,88,1,Major Works and Their Reception > Tractatus Theologico-Politicus (1670),102,,,"Upon publication, the treatise elicited immediate condemnation across Dutch provinces, with bans issued by synods and civil authorities in 1670 and 1674 for its perceived atheism and subversion of scripture."
C285,88,2,Major Works and Their Reception > Tractatus Theologico-Politicus (1670),5,,,"Despite efforts to suppress it—including multiple anonymous editions and Spinoza's own denials of authorship—the work circulated widely in intellectual circles, influencing debates on toleration and secular authority, though mainstream religious institutions dismissed it as heretical due to its challenge to traditional interpretive authority."
C286,89,1,"Major Works and Their Reception > Ethics Demonstrated in Geometrical Order (1677, posthumous)",,,59 74,"Ethics Demonstrated in Geometrical Order, Spinoza's magnum opus, systematically expounds his metaphysical, epistemological, psychological, and ethical doctrines through a deductive framework modeled on Euclidean geometry."
C287,89,2,"Major Works and Their Reception > Ethics Demonstrated in Geometrical Order (1677, posthumous)",59 74,,,"Composed in Latin between approximately 1661 and 1675, the treatise was published posthumously in 1677 as part of his Opera Posthuma, following his death on February 21, 1677, due to concerns over censorship and personal safety amid accusations of atheism."
C288,89,3,"Major Works and Their Reception > Ethics Demonstrated in Geometrical Order (1677, posthumous)",59,,,"The work aims to demonstrate, via rigorous proofs, the nature of reality, human cognition, emotions, and the path to human freedom and beatitude, asserting that true knowledge and virtue arise from understanding the necessary order of nature."
C289,90,1,"Major Works and Their Reception > Ethics Demonstrated in Geometrical Order (1677, posthumous)",,,103 104,"Spinoza employs a geometrical method, beginning each part with definitions of key terms (e.g., substance, attribute, mode), axioms as self-evident truths, and then deriving propositions—hundreds in total—supported by demonstrations, corollaries, and explanatory scholia."
C290,90,2,"Major Works and Their Reception > Ethics Demonstrated in Geometrical Order (1677, posthumous)",103 104,,,"This approach seeks to eliminate ambiguity and reliance on empirical contingency, mirroring mathematical certainty to reveal the eternal truths of Deus sive Natura (God or Nature)."
C291,90,3,"Major Works and Their Reception > Ethics Demonstrated in Geometrical Order (1677, posthumous)",74,,,"Propositions build sequentially; for instance, Proposition 7 in Part I states that ""the order and connection of ideas is the same as the order and connection of things,"" establishing mind-body parallelism."
C292,91,1,"Major Works and Their Reception > Ethics Demonstrated in Geometrical Order (1677, posthumous)",,,59,The treatise divides into five parts.
C293,91,2,"Major Works and Their Reception > Ethics Demonstrated in Geometrical Order (1677, posthumous)",59,,,"Part I, ""Of God,"" posits a single infinite substance—God—with infinite attributes, of which humans perceive only thought and extension; modes are affections of this substance, rejecting finite independent entities or a personal deity acting by will."
C294,91,3,"Major Works and Their Reception > Ethics Demonstrated in Geometrical Order (1677, posthumous)",70,,,"Part II, ""On the Nature and Origin of the Mind,"" argues the human mind is the idea of the body, with knowledge progressing from imagination (inadequate), reason (adequate), to intuitive science of essences."
C295,91,4,"Major Works and Their Reception > Ethics Demonstrated in Geometrical Order (1677, posthumous)",103,,,"Part III, ""On the Origin and Nature of the Affects,"" defines affects as transitions in the power of acting rooted in conatus—the striving to persevere in being—classifying emotions like desire, joy, and sadness as modifications of this effort."
C296,92,1,"Major Works and Their Reception > Ethics Demonstrated in Geometrical Order (1677, posthumous)",59,,,"Part IV, ""Of Human Bondage, or the Strength of the Affects,"" examines how passive affects enslave individuals to external causes, defining virtue as acting from one's nature alone and good/evil as what increases or diminishes power of acting, respectively."
C297,92,2,"Major Works and Their Reception > Ethics Demonstrated in Geometrical Order (1677, posthumous)",103,,,"Part V, ""On the Power of the Intellect, or Human Freedom,"" culminates in the intellect's supremacy over passions via adequate ideas, leading to the amor Dei intellectualis (intellectual love of God), eternal persistence of the mind's essence, and supreme beatitude as self-caused joy."
C298,92,3,"Major Works and Their Reception > Ethics Demonstrated in Geometrical Order (1677, posthumous)",59,,,"Freedom emerges not as free will but as living according to reason's necessity, aligning with nature's deterministic laws."
C299,93,1,"Major Works and Their Reception > Ethics Demonstrated in Geometrical Order (1677, posthumous)",105,,,"Upon publication, Ethics provoked outrage for its apparent pantheism and denial of divine transcendence, prompting condemnations from religious authorities and bans in the Netherlands; Leibniz praised its rigor privately but distanced publicly."
C300,93,2,"Major Works and Their Reception > Ethics Demonstrated in Geometrical Order (1677, posthumous)",59,,,"Despite initial suppression, it laid foundations for rationalist ethics, influencing figures like Hegel and Einstein, who admired its impersonal cosmic necessity."
C301,94,1,"Major Works and Their Reception > Tractatus Politicus (unfinished, posthumous)",45,,,"The Tractatus Politicus, also known as the Political Treatise, represents Spinoza's final major work on political philosophy, composed between approximately 1675 and 1677 and published posthumously in 1677 as part of his Opera Posthuma."
C302,94,2,"Major Works and Their Reception > Tractatus Politicus (unfinished, posthumous)",45,,,"Unlike the earlier Tractatus Theologico-Politicus, which emphasized theological critique to defend philosophical freedom, the Tractatus Politicus focuses directly on the natural foundations of the state and the optimal organization of political regimes to secure peace and individual empowerment."
C303,94,3,"Major Works and Their Reception > Tractatus Politicus (unfinished, posthumous)",45,,,"Spinoza intended it for a philosophical audience, employing a more scientific, causal approach to explain political phenomena without reliance on social contract theory."
C304,95,1,"Major Works and Their Reception > Tractatus Politicus (unfinished, posthumous)",,,45 101,"Spinoza structures the treatise in eleven chapters, beginning with foundational principles derived from human nature and concluding with analyses of specific government forms, though it remains unfinished."
C305,95,2,"Major Works and Their Reception > Tractatus Politicus (unfinished, posthumous)",45 101,,,"Chapters 1–4 establish the metaphysical basis, asserting that human actions stem from the conatus—the innate drive to persevere in existence—and that natural right is coextensive with power or capability, meaning individuals possess the right to do whatever they have the power to accomplish in the state of nature."
C306,95,3,"Major Works and Their Reception > Tractatus Politicus (unfinished, posthumous)",45,,,"Chapter 5 delineates the state's primary ends: to enable citizens to live securely, avoid mutual harm, and pursue rational ends without fear, thereby augmenting collective power against external threats and internal discord."
C307,95,4,"Major Works and Their Reception > Tractatus Politicus (unfinished, posthumous)",45 101,,,"The state emerges not from rational agreement but from the necessities of human weakness and shared passions, as solitary individuals cannot adequately defend their conatus."
C308,96,1,"Major Works and Their Reception > Tractatus Politicus (unfinished, posthumous)",,,45,"In chapters 6–11, Spinoza evaluates monarchy, aristocracy, and democracy as practical regimes, prioritizing stability and the accommodation of human passions over idealized rationality."
C309,96,2,"Major Works and Their Reception > Tractatus Politicus (unfinished, posthumous)",45,,,"Monarchy, critiqued for risks of arbitrary rule, requires constitutional safeguards such as large advisory councils and laws against corruption to prevent sovereign overreach (TP 6.15–30)."
C310,96,3,"Major Works and Their Reception > Tractatus Politicus (unfinished, posthumous)",45,,,"Aristocracy fares better in decentralized forms like the Dutch United Provinces, with broad councils to balance elite interests and ensure decisions reflect collective reason (TP 8–9)."
C311,96,4,"Major Works and Their Reception > Tractatus Politicus (unfinished, posthumous)",45 101,,,"Democracy, deemed the most natural and liberty-preserving form, aligns closest with equality in the state of nature but excludes those not sui iuris (independent), such as women and servants; Spinoza's discussion halts abruptly in chapter 11, likely due to his death on February 21, 1677."
C312,97,1,"Major Works and Their Reception > Tractatus Politicus (unfinished, posthumous)",45,,,"Throughout, Spinoza subordinates religion to politics, advocating a minimal ""civil faith"" or universal doctrines to foster obedience and social cohesion without dogmatic interference in governance (TP 8.46)."
C313,97,2,"Major Works and Their Reception > Tractatus Politicus (unfinished, posthumous)",101,,,"Freedom of thought persists under any stable regime, but political liberty consists in living securely under laws assented to by rational participation, distinguishing his view from Hobbesian absolutism by permitting resistance if it enhances communal power (TP 16:204)."
C314,97,3,"Major Works and Their Reception > Tractatus Politicus (unfinished, posthumous)",45 101,,,"This pragmatic realism underscores that effective states harness passions for mutual benefit, rendering the Tractatus Politicus a bold defense of republican principles amid Spinoza's era of political upheaval in the Dutch Republic."
C315,98,1,Major Works and Their Reception > Shorter Works and Letters,,,106 107,"Spinoza's shorter works consist of early treatises that outline key elements of his methodology and metaphysics, many left unpublished during his lifetime and included in posthumous collections such as the Opera Posthuma of 1677."
C316,98,2,Major Works and Their Reception > Shorter Works and Letters,106 107,,,"These include the Treatise on the Emendation of the Intellect (Tractatus de Intellectus Emendatione, c. 1661–1662), an unfinished methodological essay; the Short Treatise on God, Man, and His Well-Being (Korte Verhandeling van God, de Mensch en deszelvs Welstand, c. 1660), drafted in Dutch; and the Principles of Cartesian Philosophy (Renati des Cartes Principiorum Philosophiae, 1663), with its appendix Metaphysical Thoughts."
C317,99,1,Major Works and Their Reception > Shorter Works and Letters,,,108 109,"The Treatise on the Emendation of the Intellect seeks to establish a reliable method for attaining true knowledge by identifying and rectifying errors in understanding, prioritizing the criterion of clear and distinct ideas over sensory experience or imagination."
C318,99,2,Major Works and Their Reception > Shorter Works and Letters,,,108 109,"Spinoza argues that intellectual perfection requires selecting ideas that lead to the highest good, namely the knowledge of God or Nature, prefiguring the demonstrative structure of his later Ethics."
C319,99,3,Major Works and Their Reception > Shorter Works and Letters,108 109,,,"Its incomplete state—ending abruptly after discussing doubt and truth—reflects Spinoza's shift toward more systematic works, yet it remains significant for illuminating his epistemology of adequacy and inadequacy in ideas."
C320,100,1,Major Works and Their Reception > Shorter Works and Letters,,,107,"Composed as an accessible summary for associates, the Short Treatise expounds Spinoza's substance monism, asserting God as the sole infinite substance encompassing all attributes and modes, with human blessedness achieved via rational comprehension of this unity rather than through faith or passions."
C321,100,2,Major Works and Their Reception > Shorter Works and Letters,,,107,"Divided into parts on God, the soul, and human welfare, it bridges Cartesian influences with Spinoza's emerging pantheistic framework, emphasizing affects and the path to freedom through adequate knowledge."
C322,100,3,Major Works and Their Reception > Shorter Works and Letters,107,,,"Though not geometrically ordered, it anticipates core Ethics doctrines like the eternity of the mind and intellectual love of God."
C323,101,1,Major Works and Their Reception > Shorter Works and Letters,,,110,"The Principles of Cartesian Philosophy systematically reconstructs Descartes' Principles of Philosophy using Euclidean deduction, covering topics from substance and attributes to motion and cosmology, while the appended Metaphysical Thoughts critiques Cartesian mind-body dualism and introduces Spinozistic views on the soul's union with body as extension of divine nature."
C324,101,2,Major Works and Their Reception > Shorter Works and Letters,110,,,"Published anonymously to aid instruction, this work demonstrates Spinoza's pedagogical approach and early mastery of geometrical method, revealing tensions with Descartes on free will, error, and the eternity of matter."
C325,102,1,Major Works and Their Reception > Shorter Works and Letters,,,49,"Spinoza maintained an active correspondence from 1661 until his death, with 88 letters surviving—50 authored by him and 38 from recipients—primarily in Latin and addressing philosophical, theological, and scientific queries."
C326,102,2,Major Works and Their Reception > Shorter Works and Letters,,,49,"Published posthumously in the Opera Posthuma, these epistles clarify ambiguities in his treatises, defend against misunderstandings, and engage critics."
C327,102,3,Major Works and Their Reception > Shorter Works and Letters,,,49,"Notable exchanges include 13 letters with Henry Oldenburg (1661–1665), discussing optics, the vacuum, and biblical interpretation; four with Willem van Blyenbergh (1664–1665) on evil's necessity within divine nature and human sin; and communications with Jarig Jelles and others on epistemology and ethics."
C328,102,4,Major Works and Their Reception > Shorter Works and Letters,,,49,"Letters to Gottfried Wilhelm Leibniz (late 1670s) touch on infinite attributes and the soul's immortality, providing rare glimpses into Spinoza's unpublished Ethics."
C329,102,5,Major Works and Their Reception > Shorter Works and Letters,49,,,"This corpus underscores his collaborative yet guarded style, often withholding full revelations to avoid controversy."
C330,103,1,Major Works and Their Reception > Shorter Works and Letters,,,,"Among Spinoza's lesser-known works is the Compendium Grammatices Linguae Hebraeae (Compendium of the Grammar of the Hebrew Language), an unfinished treatise on Hebrew grammar left incomplete at his death in 1677 from pulmonary issues caused by lens-grinding dust."
C331,103,2,Major Works and Their Reception > Shorter Works and Letters,,,,"Published posthumously that year in his Opera Posthuma, the work reflects his lifelong engagement with Hebrew, the language from which he was expelled in 1656."
C332,103,3,Major Works and Their Reception > Shorter Works and Letters,,,,"Spinoza innovatively argued that nearly all Hebrew words function as nouns (with force of signification under the intellect), except for a few particles, challenging traditional grammatical categories and possibly influenced by his philosophical monism."
C333,103,4,Major Works and Their Reception > Shorter Works and Letters,,,,"Intended perhaps to be demonstrated more geometrico like the Ethics, it represents an ""open project"" of systematizing and loving description of the language of his origins, deferred in synthesis of Jewish, Christian, and Islamic monotheisms."
C334,104,1,Philosophical Controversies > Debate over Pantheism versus Atheism,111,,,"Spinoza's philosophical system, particularly in the Ethics (1677), centers on the identification of God with Nature, encapsulated in the phrase Deus sive Natura (""God or Nature""), which posits that God is the infinite substance comprising all reality, with finite things as modes thereof."
C335,104,2,Philosophical Controversies > Debate over Pantheism versus Atheism,112,,,"This doctrine has fueled a persistent debate over whether Spinoza espoused pantheism—a view equating God with the totality of existence—or atheism, by effectively dissolving a transcendent, personal deity into impersonal natural processes."
C336,104,3,Philosophical Controversies > Debate over Pantheism versus Atheism,111,,,"Proponents of the pantheist interpretation argue that Spinoza explicitly affirms God's existence as the necessary, eternal substance underlying all things, distinguishing his view from outright denial of divinity, though it rejects anthropomorphic conceptions."
C337,105,1,Philosophical Controversies > Debate over Pantheism versus Atheism,3,,,"Contemporary critics, including the Amsterdam Jewish community that excommunicated Spinoza on July 27, 1656, and later Christian authorities who banned his Tractatus Theologico-Politicus (1670) in multiple jurisdictions by 1674, accused him of atheism for portraying God as devoid of will, intellect directed toward creation, or capacity for miracles, rendering traditional religious narratives incompatible with his deterministic naturalism."
C338,105,2,Philosophical Controversies > Debate over Pantheism versus Atheism,113,,,"These charges stemmed from Spinoza's rejection of divine providence and teleology, interpreting Deus sive Natura as a rhetorical mask for materialist irreligion that undermines scriptural authority and moral accountability to a personal God."
C339,105,3,Philosophical Controversies > Debate over Pantheism versus Atheism,114,,,"In the 18th century, the Pantheismusstreit (Pantheism Controversy) of 1785, triggered by Friedrich Heinrich Jacobi's revelation of Gotthold Ephraim Lessing's Spinozist leanings, revived accusations of atheism, with Jacobi equating Spinozism to fatalism and godlessness, though figures like Johann Wolfgang von Goethe defended it as a profound, immanent divinity."
C340,106,1,Philosophical Controversies > Debate over Pantheism versus Atheism,111 112,,,"Modern scholarly assessments remain divided, with some, like those emphasizing Spinoza's geometrical demonstrations of God's necessity in the Ethics, rejecting atheistic labels as anachronistic, arguing that his system constitutes a rigorous theism stripped of superstition, akin to non-theistic monotheism."
C341,106,2,Philosophical Controversies > Debate over Pantheism versus Atheism,115,,,"Others contend that, historically and substantively, Spinoza's impersonal God equates to atheism, as it precludes worship, prayer, or ethical imperatives derived from divine command, aligning more with naturalistic ontology than theistic metaphysics; for instance, his denial of God's transcendence implies no supernatural realm, effectively secularizing ontology."
C342,106,3,Philosophical Controversies > Debate over Pantheism versus Atheism,116,,,"This tension persists, with interpretations varying by whether one prioritizes Spinoza's terminology—affirming ""God""—or the causal implications of his monism, which causal realism suggests renders divine personality causally inert and thus nonexistent in orthodox terms."
C343,106,4,Philosophical Controversies > Debate over Pantheism versus Atheism,114,,,"Despite such debates, Spinoza's framework has influenced subsequent pantheistic traditions, including Einstein's admiration for its harmony with scientific determinism, without resolving the atheism charge."
C344,107,1,Philosophical Controversies > Determinism and Implications for Free Will and Morality,12,,,"Spinoza's determinism asserts that the universe operates under strict necessity, with every event and action resulting from an unbroken chain of causes originating in the essence of God or Nature (Deus sive Natura), as demonstrated in Part I of his Ethics (1677)."
C345,107,2,Philosophical Controversies > Determinism and Implications for Free Will and Morality,79,,,"Nothing occurs contingently; the order of nature follows eternally and immutably from God's attributes, rendering all things determined without exception or randomness."
C346,107,3,Philosophical Controversies > Determinism and Implications for Free Will and Morality,12,,,"This causal realism precludes any uncaused or arbitrary elements, as finite modes like human beings are modifications of the one substance, compelled by external causes alongside their internal striving."
C347,108,1,Philosophical Controversies > Determinism and Implications for Free Will and Morality,,,117,"Spinoza rejects the traditional notion of free will, viewing it as an illusion born of inadequate knowledge of determining causes."
C348,108,2,Philosophical Controversies > Determinism and Implications for Free Will and Morality,117,,,"In Ethics Part II, Propositions 48 and 49, he argues that the human mind is determined by causes of which it is often ignorant, leading to the false belief in self-determination; the will is merely an appetite of which one is conscious, not a free faculty distinct from understanding or desire."
C349,108,3,Philosophical Controversies > Determinism and Implications for Free Will and Morality,79,,,"True freedom, by contrast, consists not in indeterminism but in acting solely from the necessity of one's own nature, free from passive external compulsions—achieved through adequate ideas that comprehend necessity rather than resisting it."
C350,108,4,Philosophical Controversies > Determinism and Implications for Free Will and Morality,12,,,"This intellectual liberation aligns the individual with the eternal order, transforming bondage to passions into active self-determination under reason."
C351,109,1,Philosophical Controversies > Determinism and Implications for Free Will and Morality,118,,,"For morality, Spinoza grounds ethics in the conatus doctrine: every thing, as far as it is in itself, strives to persevere in its being (Ethics Part III, Proposition 6), with human essence defined by this rational appetite to increase one's power of acting."
C352,109,2,Philosophical Controversies > Determinism and Implications for Free Will and Morality,119,,,"Virtue equates to this self-preserving power exercised through reason, where good is whatever aids the conatus (e.g., knowledge and social utility) and evil whatever diminishes it, independent of arbitrary divine commands or uncaused choices."
C353,109,3,Philosophical Controversies > Determinism and Implications for Free Will and Morality,120,,,"Moral responsibility thus shifts from blameworthy free choices to causal understanding; actions are praiseworthy or blameworthy only insofar as they promote or hinder communal perseverance, serving as heuristic fictions for social order rather than absolute truths."
C354,109,4,Philosophical Controversies > Determinism and Implications for Free Will and Morality,12,,,"Ultimate beatitude arises from the intellectual love of God, a joyful acquiescence in necessity that eternally affirms one's place in the causal whole."
C355,110,1,Philosophical Controversies > Critiques of Spinoza's System from Rationalist and Empirical Standpoints,121,,,"Leibniz, a fellow rationalist, critiqued Spinoza's necessitarianism as undermining contingency and divine freedom, arguing that Spinoza's identification of God with an eternally determining nature precludes alternative possible worlds and fails to explain the actual world's existence over others."
C356,110,2,Philosophical Controversies > Critiques of Spinoza's System from Rationalist and Empirical Standpoints,122,,,"Leibniz maintained that God's choice among infinite possibilities, guided by moral necessity rather than logical compulsion, preserves both the principle of sufficient reason and genuine alternatives, contrasting Spinoza's view where all events follow inexorably from divine essence without room for unactualized potentials."
C357,110,3,Philosophical Controversies > Critiques of Spinoza's System from Rationalist and Empirical Standpoints,123,,,"Cartesian rationalists, adhering to substance dualism, rejected Spinoza's monism as collapsing distinct mind and body substances into modes of a single infinite substance, thereby erasing the independence of thought from extension and implying atheism by subordinating a transcendent God to impersonal nature."
C358,110,4,Philosophical Controversies > Critiques of Spinoza's System from Rationalist and Empirical Standpoints,124,,,"Critics like Gerdil contended that Spinoza's denial of multiple substances with differing essences logically entails the non-existence of finite minds or bodies as truly distinct, reducing reality to an undifferentiated whole incompatible with Cartesian proofs for God's separateness from creation."
C359,111,1,Philosophical Controversies > Critiques of Spinoza's System from Rationalist and Empirical Standpoints,125,,,"From an empirical standpoint, David Hume engaged directly with Spinoza's system, rejecting its rationalist foundations in favor of knowledge derived from sensory impressions and ideas, dismissing Spinoza's a priori deduction of one substance and infinite attributes as speculative conjecture unsupported by observable constant conjunctions."
C360,111,2,Philosophical Controversies > Critiques of Spinoza's System from Rationalist and Empirical Standpoints,126,,,"Hume argued that Spinoza's assertion of necessary causal chains within God/Nature overextends beyond empirical evidence, where causation appears merely habitual rather than metaphysically binding, rendering Spinoza's deterministic ontology an unverified hypothesis akin to dogmatic system-building."
C361,111,3,Philosophical Controversies > Critiques of Spinoza's System from Rationalist and Empirical Standpoints,127,,,"Broader empiricist objections, echoed in the tradition from Locke onward, faulted Spinoza's geometric method for prioritizing innate conceptions and deductive certainty over experiential verification, positing an unchanging, self-contained reality that contradicts observed variability, change, and apparent contingencies in nature."
C362,111,4,Philosophical Controversies > Critiques of Spinoza's System from Rationalist and Empirical Standpoints,128,,,"This approach, empiricists held, neglects the limits of human perception, leading to a metaphysics detached from inductive generalization and prone to error in claiming comprehensive necessity without probabilistic testing against sensory data."
C363,112,1,Legacy and Influence > Impact on Enlightenment Thinkers and Rationalism,,,129 38,"Spinoza's Ethics, published posthumously in 1677, advanced continental rationalism by systematizing metaphysics, epistemology, and ethics through a rigorous geometrical method modeled on Euclid's Elements, positing a single infinite substance identified as both God and Nature, thereby challenging dualistic ontologies like Descartes' while emphasizing deductive certainty over sensory experience."
C364,112,2,Legacy and Influence > Impact on Enlightenment Thinkers and Rationalism,129 38,,,"This monistic framework influenced Gottfried Wilhelm Leibniz, who visited Spinoza in The Hague on November 4, 1676, and engaged critically with his ideas, incorporating elements of parallelism between mind and body into his own pre-established harmony theory, though Leibniz rejected Spinoza's necessitarianism to preserve contingency and divine freedom."
C365,113,1,Legacy and Influence > Impact on Enlightenment Thinkers and Rationalism,,,130 131,"In the broader Enlightenment context, Spinoza's radical critique of organized religion and superstition in the Tractatus Theologico-Politicus (1670) laid groundwork for secular rational inquiry, inspiring Pierre Bayle's Historical and Critical Dictionary (1697), which echoed Spinozist biblical hermeneutics by questioning scriptural authority through historical analysis."
C366,113,2,Legacy and Influence > Impact on Enlightenment Thinkers and Rationalism,130 131,,,"This approach resonated with French materialists like Denis Diderot, whose works exhibit parallels to Spinozist determinism and conatus (striving for perseverance) in discussions of human motivation and virtue, as seen in Diderot's Philosophical Thoughts (1746), where he adapts Spinozist ideas to argue against supernaturalism and for naturalistic ethics."
C367,114,1,Legacy and Influence > Impact on Enlightenment Thinkers and Rationalism,,,132 133 134,"Spinoza's political philosophy, advocating separation of church and state alongside democratic governance grounded in natural right, informed the radical Enlightenment's push for toleration and individual liberty, influencing figures who prioritized reason as the sole arbiter of truth over revelation, though mainstream moderates like Voltaire distanced themselves, with Voltaire in 1772 dismissing the Ethics as a ""famous book so little read"" amid accusations of atheism."
C368,114,2,Legacy and Influence > Impact on Enlightenment Thinkers and Rationalism,132 133 134,,,"Despite bans—such as the 1678 papal condemnation—Spinozism fueled underground networks, contributing to the French Revolution's ideological currents via intermediaries like d'Holbach, who drew on Spinozist pantheism to promote atheism and social reform."
C369,115,1,Legacy and Influence > Reception in Jewish and Christian Traditions,,,3 135,Spinoza's reception within Jewish tradition began with severe ostracism.
C370,115,2,Legacy and Influence > Reception in Jewish and Christian Traditions,3 135,,,"On 27 July 1656, at age 23, the Talmud Torah congregation of Amsterdam's Portuguese-Jewish community issued a cherem against him, the harshest such ban in its history, cursing him with the consent of divine judgment and expelling him eternally from the community of Israel."
C371,115,3,Legacy and Influence > Reception in Jewish and Christian Traditions,3 18,,,"The writ forbade all communication, favor, or proximity within four ells, attributing his expulsion to ""abominable heresies"" and ""monstrous deeds,"" likely encompassing his denial of the Torah's divine authorship, rejection of prophecy as historical revelation, and skepticism toward personal immortality and divine providence."
C372,115,4,Legacy and Influence > Reception in Jewish and Christian Traditions,136,,,"This excommunication severed his ties to Judaism, reflecting the community's fear that his rationalist critiques threatened its fragile existence amid Dutch tolerance, and the ban remains formally in effect without official revocation."
C373,116,1,Legacy and Influence > Reception in Jewish and Christian Traditions,19,,,"Subsequent Jewish engagement with Spinoza was largely negative among orthodox circles, viewing his pantheistic equation of God with Nature as idolatrous and antithetical to monotheistic transcendence, while his Tractatus Theologico-Politicus (1670) further eroded scriptural authority by positing the Bible as human-authored moral allegory rather than divine truth."
C374,116,2,Legacy and Influence > Reception in Jewish and Christian Traditions,137,,,"In the Haskalah (Jewish Enlightenment), figures like Moses Mendelssohn acknowledged his rationalism but distanced themselves from his heresies, and Spinoza influenced secular Jewish intellectuals yet faced persistent condemnation for undermining halakhic observance and chosenness."
C375,116,3,Legacy and Influence > Reception in Jewish and Christian Traditions,,,,Orthodox Judaism continues to regard him as a heretic whose system dissolves covenantal particularism into impersonal necessity.
C376,117,1,Legacy and Influence > Reception in Jewish and Christian Traditions,12,,,"In Christian traditions, Spinoza encountered widespread theological condemnation for his views, interpreted by contemporaries like Pierre Bayle as atheistic despite his explicit identification of God or Nature as the singular substance."
C377,117,2,Legacy and Influence > Reception in Jewish and Christian Traditions,138,,,"Orthodox Protestants and Catholics rejected his determinism and pantheism as obliterating free will, miracles, and a personal Creator distinct from creation; his Tractatus Theologico-Politicus was banned in the Netherlands in 1674 and denounced across Europe for historicizing scripture and denying its supernatural origins."
C378,117,3,Legacy and Influence > Reception in Jewish and Christian Traditions,138 139,,,"Critics argued his impersonal Deus sive Natura precluded divine election, incarnation, or redemption, rendering Christianity's anthropomorphic God illusory and incompatible with biblical theism."
C379,118,1,Legacy and Influence > Reception in Jewish and Christian Traditions,140,,,"Some radical Enlightenment Christians, such as Johann Georg Hamann's opponents or later pantheists, attempted reconciliation by allegorizing Christ as an exemplary sage embodying intellectual love of God rather than divine savior, aligning Spinoza's ethics with moral piety minus orthodoxy."
C380,118,2,Legacy and Influence > Reception in Jewish and Christian Traditions,141,,,"However, mainstream theology, from Leibniz's critiques to 19th-century responses, upheld Spinoza's system as subversive, equating it to atheism by subordinating providence to mechanistic necessity and dismissing revelation as adaptive fable."
C381,118,3,Legacy and Influence > Reception in Jewish and Christian Traditions,142,,,"This rejection persisted, with his influence confined to liberal or deistic fringes rather than confessional cores, underscoring the causal incompatibility between his causal realism—wherein all follows eternally from God's essence—and doctrines of grace, sin, and eschatology."
C382,119,1,"Legacy and Influence > Applications in Modern Science, Psychology, and Politics",,,143 144,"Spinoza's deterministic conception of nature as a single substance governed by necessary laws resonated with the mechanistic worldview of classical physics, influencing scientists who sought a unified explanation of the universe without anthropomorphic divinity."
C383,119,2,"Legacy and Influence > Applications in Modern Science, Psychology, and Politics",143 144,,,"Albert Einstein, in a 1929 interview, affirmed his belief in ""Spinoza's God, who reveals himself in the orderly harmony of what exists, not in a God who concerns himself with fates and actions of human beings,"" aligning Spinoza's pantheism with his own rejection of quantum indeterminacy in favor of a fully causal reality."
C384,119,3,"Legacy and Influence > Applications in Modern Science, Psychology, and Politics",145,,,"Einstein's admiration extended to Spinoza's intellectual detachment and systematic reasoning, viewing the philosopher's emphasis on conatus—the drive toward self-preservation and increase in power—as paralleling physical principles of conservation and equilibrium, though quantum mechanics later challenged strict determinism by introducing probabilistic elements incompatible with Spinoza's necessitarianism."
C385,120,1,"Legacy and Influence > Applications in Modern Science, Psychology, and Politics",,,78 146,"In psychology, Spinoza's theory of affects, detailed in Part III of the Ethics, posits emotions as transitions in the power of acting arising from encounters between the body and external bodies, providing an early naturalistic framework for emotional dynamics that prefigures modern scientific psychology's focus on causal mechanisms over dualistic mind-body splits."
C386,120,2,"Legacy and Influence > Applications in Modern Science, Psychology, and Politics",78 146,,,"His doctrine that adequate ideas of causes enable mastery over passive affects—where understanding necessity diminishes suffering—anticipated cognitive therapies by linking intellectual clarity to emotional resilience, as seen in contemporary interpretations framing Spinozist insight as a form of philosophical psychotherapy that reframes desires without supernatural intervention."
C387,120,3,"Legacy and Influence > Applications in Modern Science, Psychology, and Politics",147 148,,,"Spinoza's conatus as the fundamental striving for perseverance in being also aligns with evolutionary psychology's emphasis on adaptive self-preservation, influencing analyses of motivation where human behavior is understood as striving to enhance one's capacity for action amid environmental constraints, though empirical psychology has largely integrated these ideas indirectly through behaviorist and cognitivist traditions rather than direct attribution."
C388,121,1,"Legacy and Influence > Applications in Modern Science, Psychology, and Politics",,,45 101,"Spinoza's political writings, particularly the Tractatus Theologico-Politicus (1670) and the unfinished Tractatus Politicus, advocate deriving state authority from human nature's needs for security and cooperation, defending democracy as the regime most conducive to freedom through rational participation and the separation of ecclesiastical and civil power to curb superstition-driven conflict."
C389,121,2,"Legacy and Influence > Applications in Modern Science, Psychology, and Politics",45 101,,,"These principles underpin modern liberal republicanism by prioritizing collective power (potentia) over individual sovereignty, influencing arguments for institutional designs that channel passions like envy into productive ends, such as through democratic deliberation that fosters mutual accommodation rather than coercion."
C390,121,3,"Legacy and Influence > Applications in Modern Science, Psychology, and Politics",149 150,,,"In contemporary politics, Spinoza's emphasis on freedom of thought as essential to societal stability informs defenses of expressive liberties against authoritarianism, with scholars applying his conatus-based psychology to analyze how states can enhance citizens' autonomy by mitigating fear and promoting adequate knowledge, as evidenced in reassessments linking his vitalism to participatory models that counter apathetic crowds with empowered judgment."
C391,121,4,"Legacy and Influence > Applications in Modern Science, Psychology, and Politics",151,,,"However, his determinism raises tensions with voluntarist traditions in political theory, where moral responsibility presupposes alternatives absent in his system, leading to debates over whether Spinozist realism supports pragmatic governance over idealistic rights."
C392,122,1,Legacy and Influence > Ongoing Scholarly Debates and Recent Reassessments,152,,,"Contemporary Spinoza scholarship features vigorous debates over the precise character of his monism, with recent analyses, such as a 2025 study, arguing for a priority monism where the infinite substance (God or Nature) is ontologically prior to its finite modes, challenging traditional substance monism interpretations that emphasize parallelism between attributes."
C393,122,2,Legacy and Influence > Ongoing Scholarly Debates and Recent Reassessments,153,153,,"This reassessment underscores causal realism in Spinoza's system, where the whole determines the parts without implying mereological composition, influencing discussions on his modal metaphysics and the status of infinite modes as immediate necessities of God's essence rather than derivative extensions."
C394,123,1,Legacy and Influence > Ongoing Scholarly Debates and Recent Reassessments,12,,,"The longstanding pantheism-versus-atheism controversy persists, with scholars divided on whether Spinoza's equation of Deus sive Natura affirms a theistic pantheism or effectively dissolves God into impersonal necessity, rendering traditional religious concepts incoherent; this tension is evident in critiques that his denial of divine anthropomorphism aligns more closely with atheism despite rhetorical concessions to biblical language."
C395,123,2,Legacy and Influence > Ongoing Scholarly Debates and Recent Reassessments,154,154,,"Recent works rehabilitate his monism against earlier dismissals as speculative, integrating it with empirical science and analytic philosophy, as seen in post-2020 reevaluations that position Spinoza as prescient in naturalizing theology."
C396,124,1,Legacy and Influence > Ongoing Scholarly Debates and Recent Reassessments,79 155,155,,"Spinoza's strict determinism, which precludes indeterminism and libertarian free will while allowing for intellectual freedom through adequate ideas, continues to provoke reassessments of its compatibility with moral agency and political liberty; for instance, 2020s scholarship explores how necessitarianism underpins his advocacy for democratic institutions that channel human affects toward stability without illusions of voluntarism."
C397,124,2,Legacy and Influence > Ongoing Scholarly Debates and Recent Reassessments,156,156,,"Reconsiderations of his rationalism further integrate reason with imagination and emotion, portraying epistemology as a dynamic process rather than pure deduction, countering portrayals of Spinoza as overly intellectualist."
C398,125,1,Legacy and Influence > Ongoing Scholarly Debates and Recent Reassessments,,,157 158,"Additionally, while the cherem of 1656 was never formally rescinded, in 2012—356 years later—a group of Dutch Jews debated lifting it but concluded they lacked the authority to do so, leaving the excommunication technically in effect to this day, though Spinoza's philosophical canonization long transcended communal censure."
C399,125,2,Legacy and Influence > Ongoing Scholarly Debates and Recent Reassessments,157 158,157 158,,"In historical and communal contexts, debates intensify around Spinoza's 1656 excommunication (cherem) by Amsterdam's Sephardic synagogue, with rabbinic authorities and scholars in 2024-2025 questioning its ongoing validity amid preparations for the 350th anniversary of his 1677 death; proponents of lifting the ban cite evolving Jewish inclusivity, while opponents invoke enduring theological divergences, such as Spinoza's rejection of revealed prophecy, highlighting persistent tensions between philosophical rationalism and orthodox belonging."
C400,125,3,Legacy and Influence > Ongoing Scholarly Debates and Recent Reassessments,159,159,,"In 2021, Spinoza scholar Yitzhak Melamed was denied permission by Rabbi Joseph Serfaty of Amsterdam's Portuguese Synagogue to film a documentary inside the premises, with the rabbi citing the cherem's ongoing validity and declaring Melamed persona non grata, exemplifying continued communal enforcement amid scholarly calls for reassessment."
C401,125,4,Legacy and Influence > Ongoing Scholarly Debates and Recent Reassessments,160 161,160 161,,"Commemorative efforts, including 2020 special issues on the Tractatus Theologico-Politicus, reassess its critiques of superstition and clerical power as blueprints for secular governance, relevant to contemporary struggles against illiberalism."
