slug,quote,fid,fname,side,note
circumcision,"Neonatal circumcision in the first week enables near-painless outcomes under optimal blocks, given lower pre-phimosis sensitivity.",F036,Suppressed Evidence,pro,Asserts near-painless neonatal outcomes although the same section reports blocks lessen but do not erase pain and fall short of elimination.
circumcision,"Complications are infrequent in controlled settings but increase with untrained practitioners or non-clinical rituals, with bleeding and infection most common across ages.",F053,Argument from Repetition,pro,Reassurance sentence repeated verbatim at the end of the same section (first occurrence matched; the duplicate is the issue).
circumcision,"The paper appeared in the Journal of Clinical and Translational Research, then published by Whioce Publishing Pte. Ltd., a publisher included on Beall's list of potential predatory publishers.",F025,Guilt by Association,pro,Discredits the SIDS correlation by its publisher's listing rather than by its methods (methods already addressed in prior sentences).
circumcision,"Lifetime UTI prevalence in men shows little variance between high-circumcision contexts like the United States (13-14%) and low-circumcision nations like Sweden (13-14%), implying that infantile benefits exert negligible influence on cumulative risk, dominated instead by adult-onset drivers including prostate conditions.",F055,Ecological Fallacy,anti,National aggregate lifetime UTI prevalence used to infer negligible individual-level effect of infant circumcision.
circumcision,"Similarly, comparative international data indicate that the United States has lower rates of condom use than many other Western nations.",F055,Ecological Fallacy,anti,Country-level condom-use comparison used to support individual-level risk compensation by circumcised men.
circumcision,"Penile cancer is rare (about 1 in 100,000 in developed countries) and mostly affects uncircumcised males, with near-zero rates in populations with universal neonatal circumcision, such as Israel (0.1–0.3 per 100,000).",F055,Ecological Fallacy,pro,Population-level rate in Israel offered as support for an individual protective effect; other population differences unaddressed.
circumcision,"These efforts have delivered over 27 million procedures, aiding population-level HIV incidence declines.",F033,Causal Oversimplification,pro,"Attributes population HIV incidence declines to VMMC without addressing the many concurrent causes (ART scale-up, etc.)."
circumcision,"Adverse events remain rare and mild, comparable to minor surgeries, despite some surveillance gaps.",F010,Appeal to Ignorance,pro,"Acknowledged surveillance gaps, yet absence of reported events is taken as showing rarity."
circumcision,"Ethical concerns stress informed consent and autonomy, especially for minors, though evidence favors net morbidity reductions in high-burden contexts.",F003,Red Herring,pro,Answers ethical concerns about consent and autonomy with a morbidity statistic that does not address them.
circumcision,"No direct evidence links these to Egyptian diffusion, suggesting convergent cultural evolution tied to rites of passage rather than shared etiology.",F010,Appeal to Ignorance,neutral,Lack of evidence for diffusion taken as support for independent origin.
circumcision,"While critics highlight limited absolute risk reductions in low-prevalence areas, systematic reviews confirm overall net benefits without harm to sexual function or sensitivity.",F036,Suppressed Evidence,pro,"States confirmed net benefit while the article itself reports bodies (CPS, RACP, KNMG) that find benefits do not outweigh risks."
circumcision,"Although the American Academy of Pediatrics affirmed in 2012 that benefits outweigh risks, public skepticism has sustained the downward trend.",F033,Causal Oversimplification,pro,"Reduces the decline to public skepticism, set against AAP authority, though the prior sentence lists insurance, immigration and other causes."
circumcision,"Claims of reduced pleasure often come from biased, self-selected surveys, while blinded tests and longitudinal data show no consistent losses.",F026,Poisoning the Well,pro,Dismisses a whole class of claims by source characterization before engaging content.
circumcision,"These findings indicate a positive risk-benefit ratio for neonatal circumcision in medical settings, especially in high-infection areas, though benefits lessen in low-prevalence ones.",F073,McNamara Fallacy,pro,Risk-benefit verdict built only from measured outcomes; consent and autonomy dimensions discussed elsewhere are left out of the weighing.
circumcision,"Anti-circumcision claims often use observational data, contrasting RCT strength and highlighting the value of causal over correlative evidence.",F036,Suppressed Evidence,pro,"Faults opponents for observational data while the pro-side UTI, cancer and STI benefits cited are also observational."
circumcision-and-hiv,"Controversies persist, including critiques of trial methodologies—such as early termination potentially inflating efficacy estimates and inadequate controls for viral load or partner HIV status—but these have been rebutted by reanalyses and subsequent programmatic evaluations showing sustained population-level impacts without methodological collapse.",F002,Straw Man,pro,Recasts the methodological critiques as claims of 'methodological collapse' and declares them rebutted; the article's own controversy section shows the critiques were narrower and still debated.
circumcision-and-hiv,"VMMC's integration into broader prevention portfolios, alongside condoms and antiretrovirals, underscores its role as a one-time, cost-effective intervention, averting an estimated millions of infections, though debates over infant versus adult procedures and ethical promotion in diverse cultural contexts highlight ongoing tensions between evidence-based public health and individual autonomy.",F040,Loaded Language,pro,"Framing labels one side 'evidence-based' and the other only 'autonomy', building a value judgment into the description."
circumcision-and-hiv,"Countries with predominantly non-circumcising populations in East and Southern Africa reported HIV prevalences exceeding 10-20% in urban adults by the early 1990s, compared to under 2-5% in circumcising Muslim-majority nations in West Africa, despite similar sexual network structures.",F055,Ecological Fallacy,pro,Country-level inverse correlation used as support for an individual-level protective effect; the confounding between nations is waved away with an unsupported 'similar networks' claim.
circumcision-and-hiv,"While isolated observational studies have suggested possible localized increases in partner numbers among newly circumcised youth, these lack causal controls and are outweighed by RCT evidence; critics' emphasis on hypothetical compensation has not been substantiated empirically, with modeling indicating that even moderate risk increases would erode observed HIV reductions, which persist in population data.",F036,Suppressed Evidence,pro,"Dismisses contrary observational findings for lacking causal controls, while observational and population data favouring VMMC are accepted as corroboration elsewhere in the article."
circumcision-and-hiv,"Methodological critiques are dismissed as denialism, given the trials' rigorous design, including intention-to-treat analyses and adjustments for behavior, which found no evidence of bias invalidating results.",F040,Loaded Language,pro,"'Denialism' label applied to critiques in a passive construction with no named speaker, so it reads as the article's own characterization."
circumcision-and-law,"These cases highlight causal trade-offs: while religious communities argue continuity of tradition outweighs deferred consent, critics invoke first-principles of non-maleficence, noting irreversible alteration without immediate medical necessity, amid source biases in advocacy-driven research that often amplify risks or understate cultural contexts.",F026,Poisoning the Well,pro,"The lead discounts critics' research up front as advocacy-driven and biased, with no specific study engaged."
circumcision-and-law,"These claims, primarily advanced in academic and advocacy literature rather than treaty body jurisprudence, face counterarguments that religious freedoms (e.g., ICCPR Article 18) and parental rights permit the practice, provided risks are minimized, as evidenced by the absence of international enforcement actions or prohibitions despite decades of debate.",F010,Appeal to Ignorance,pro,Takes the absence of enforcement actions as evidence that religious freedom and parental rights permit the practice.
circumcision-and-law,"Empirical data on benefits, such as HIV reduction in high-prevalence areas (60% efficacy per WHO meta-analyses), complicates absolutist integrity claims, though advocates counter that such gains apply to adults in specific epidemics, not routine neonatal use in low-risk settings.",F040,Loaded Language,pro,"Calls the opposing rights claims 'absolutist', a pejorative label that does no argumentative work."
circumcision-and-law,"Medical performance is often mandated in countries with immigrant Muslim populations, where prevalence can exceed 20% in urban areas, but secular opposition has fueled debates framing it as a violation of autonomy, despite empirical data showing low complication rates (under 1% for trained providers) and no long-term functional deficits in peer-reviewed studies.",F003,Red Herring,pro,"Autonomy objection answered with complication-rate data, which does not address the consent argument."
circumcision-and-law,"These variations underscore a pattern where empirical risk assessments favor regulated access over bans, countering advocacy from sources like secular NGOs that amplify rare complications without proportional context.",F026,Poisoning the Well,pro,"Dismisses opponents by characterizing their sources as amplifying, with no content engaged."
circumcision-and-law,"Following the 2012 law's implementation in 2013, non-medical circumcision rates among minors under 18 rose significantly, reflecting restored legal certainty for religious communities.",F031,Post Hoc,pro,Rise in rates after the 2012 law attributed to restored legal certainty on temporal sequence alone.
circumcision-and-law,"Such outcomes reflect causal realism in law: where parental intent aligns with prevailing medical literature showing modest aggregate benefits (e.g., CDC estimates of 1 in 100 HIV risk reduction in high-prevalence settings), courts avoid overriding decisions absent acute harm.",F040,Loaded Language,pro,"Labels the permissive court outcomes 'causal realism', an approving term that presents a value judgment as description."
circumcision-and-law,"In the United States, a 2024 systematic review of neonatal male circumcision reaffirmed public health benefits such as reduced urinary tract infections and sexually transmitted infections, countering ethical critiques but noting no formal policy update from the American Academy of Pediatrics (AAP) since its 2012 statement, which was informally reaffirmed amid declining rates from 58.3% in 2012 to lower figures by 2022 per Johns Hopkins data.",F003,Red Herring,pro,"Presents a review of health benefits as 'countering' ethical critiques about consent, which are a different question."
circumcision-controversies,"Neonatal circumcision nearly eliminates the risk in high-prevalence settings, as supported by epidemiological data linking uncircumcised status to higher incidence via phimosis and poor hygiene.",F011,Hasty Generalization,pro,Generalizes an odds ratio of 0.33 (wide CI) into 'nearly eliminates' the risk.
circumcision-controversies,"Claims of sensitivity loss often stem from lower-quality retrospective surveys prone to recall bias, lacking empirical support from randomized or controlled designs.",F026,Poisoning the Well,pro,"Discounts a whole class of claims by their source type, without engaging specific findings (e.g. the Sorrells mapping cited just before)."
circumcision-controversies,"This trend occurred amid stable or increasing sexually transmitted infection (STI) rates overall, with cohort studies showing higher HIV and other STI incidences among uncircumcised men after multivariate adjustment for confounders like condom use and partner numbers, though population effects remain diluted by high baseline prevention measures.",F031,Post Hoc,pro,"Places falling circumcision rates next to rising STI rates, implying a causal link from co-occurrence over time."
circumcision-controversies,"Globally, regions with low circumcision prevalence like Europe exhibit low HIV prevalence (0.2–0.3% among adults), contrasting with sub-Saharan Africa's higher burdens, but multivariate ecological analyses attribute part of the African disparity to circumcision status independent of socioeconomic and behavioral factors.",F055,Ecological Fallacy,pro,Continent-level ecological comparison used to attribute HIV disparity to individual circumcision status.
circumcision-controversies,"In high-risk African settings, VMMC interventions have demonstrated epidemiological causality through time-series declines in incidence post-uptake, exceeding expectations from behavioral interventions alone, whereas low-prevalence contexts like Europe show minimal marginal gains due to already subdued transmission dynamics.",F031,Post Hoc,pro,"Claims causality shown by declines that follow uptake, with no control for concurrent interventions (ART, testing)."
circumcision-controversies,"Analogies to female genital mutilation (FGM) underscore non-consensual parallels: both entail cultural or parental imposition of genital excision on minors, altering healthy anatomy without therapeutic imperative, yet FGM faces universal condemnation while male circumcision evades equivalent scrutiny.",F041,False Equivalence,anti,"In the article's own voice, the shared features (non-consent, minors) are treated as underscoring equivalence; the material differences discussed elsewhere are left out of the weighing."
circumcision-controversies,"Parents exercise proxy consent for their minor children in medical decisions, including irreversible procedures such as vaccinations—which carry risks of rare but permanent neurological effects—and orthodontics, which permanently alter dental structure, based on a fiduciary duty to promote the child's long-term welfare amid incomplete information.",F042,False Analogy,pro,"Compares circumcision to vaccination and orthodontics as 'irreversible' proxy decisions, though those have therapeutic or imminent-threat rationales."
circumcision-controversies,"In the case of neonatal circumcision, parental decisions reflect similar reasoning, supported by empirical data indicating limited decisional regret; a 2024 study in a U.S. pediatric urology clinic found that while approximately 20% of parents reported moderate regret—comparable to rates for other elective pediatric surgeries—strong remorse was infrequent, and most affirmed the choice aligned with family values or health considerations.",F003,Red Herring,pro,"Low parental regret (with ~20% reporting moderate regret) is offered in support of proxy consent, but parents' regret does not address the child's later view."
circumcision-controversies,"Societal utility further bolsters parental discretion in circumcision, as the procedure contributes to population-level reductions in sexually transmitted infections, analogous to herd immunity dynamics observed in vaccination programs.",F042,False Analogy,pro,Herd-immunity analogy for neonatal circumcision; the HIV effect is adult and heterosexual and does not have vaccination's transmission structure in infancy.
circumcision-controversies,"Infant claims to bodily autonomy falter on grounds of incompetence, as neonates lack capacity for rational deliberation or foresight, rendering absolute deferral to adulthood philosophically incoherent and practically suboptimal.",F002,Straw Man,pro,"Recasts the autonomy argument as infants' present competence, whereas opponents argue for preserving future autonomy, then rejects that weaker version."
circumcision-controversies,"Adult foreskin restoration procedures, intended as reversals, yield inconsistent functional outcomes with potential complications like scarring or sensory deficits, and demand remains negligible—less than 1% of circumcised men pursue non-therapeutic reversals—suggesting widespread acceptance rather than latent dissatisfaction.",F013,False Dilemma,pro,"Low uptake of a burdensome, inconsistent restoration procedure is read as either acceptance or dissatisfaction; other explanations are ignored."
circumcision-controversies,This utility aligns with contractual societal norms permitting parents to transmit adaptive cultural practices that enhance offspring integration and resilience.,F028,Appeal to Tradition,pro,Calls transmission of a tradition 'adaptive' and justified because it maintains cultural continuity.
circumcision-controversies,"In low-prevalence contexts, these benefits accrue cumulatively over lifetime exposure, outweighing surgical risks when discounting deontological objections and focusing on empirical causality.",F073,McNamara Fallacy,pro,Net-benefit conclusion reached by explicitly setting aside the unmeasured (deontological) dimension.
circumcision-controversies,"Removal aligns the anatomy with contemporary sanitary realities, reducing these mismatches without invoking adaptive foresight, as natural selection operates on reproductive fitness, not post-hoc hygiene optimality.",F061,Is-Ought Jump,pro,"A speculative evolutionary-mismatch story (a descriptive premise) is used to conclude that removal is appropriate, with no normative bridge."
circumcision-controversies,"One study suggesting reduced penile sensitivity in circumcised groups relied on retrospective self-reports prone to recall bias and did not isolate causation from confounding factors like age or partner dynamics, failing to demonstrate downstream impacts on pleasure or function.",F036,Suppressed Evidence,pro,"Presents contrary evidence as a single weak study, although the article itself cites other sensitivity findings (Sorrells et al.)."
circumcision-controversies,"Prioritizing observable utilities over subjective proxies, the procedure's net causal effect favors reduced disease transmission over unsubstantiated pleasure deficits.",F073,McNamara Fallacy,pro,Measured disease outcomes outweigh 'subjective' pleasure only because the latter is defined as unmeasured.
circumcision-controversies,"No federal ban has emerged, but state-level Medicaid policies have causally influenced neonatal circumcision rates: as of 2014, 18 states excluded routine coverage, correlating with rates 24 percentage points lower than in covering states, reflecting economic barriers rather than outright prohibition.",F032,Cum Hoc,neutral,States causal influence from a cross-state correlation with no confounder analysis.
circumcision-controversies,"These variances underscore circumcision's role in select traditions as an enduring emblem of fidelity and group resilience, empirically supported by low adverse outcomes in supervised ritual contexts.",F003,Red Herring,pro,"Low complication rates offered as empirical support for the rite's role as an emblem of fidelity, which is a separate question."
circumcision-controversies,"U.S. studies also link higher circumcision rates to parents with greater education levels, who cite familiarity with evidence on preventive health outcomes like reduced urinary tract infections and certain STIs, countering narratives of inverse correlations in less informed populations.",F005,Appeal to Popularity,pro,"Higher uptake among educated parents treated as support for the choice's merit, a prestige/popularity warrant."
circumcision-controversies,"These institutions advocate parental informed consent over legislative bans, prioritizing evidence-based decision-making amid activism-driven challenges.",F040,Loaded Language,pro,"Pairs 'evidence-based' institutions with 'activism-driven' challenges, framing that sets the conclusion in advance."
circumcision-controversies,"By 2025, VMMC initiatives in eastern and southern Africa had scaled to over 37 million procedures since 2008, contributing to verifiable HIV incidence reductions of about 60% in heterosexual transmission to men, as confirmed by UNAIDS modeling and epidemiological data.",F019,Composition,pro,"Treats the trials' individual-level 60% relative risk reduction as a population-level incidence reduction, 'confirmed' only by modeling."
circumcision-controversy-in-early-christianity,"This resolution, rooted in empirical observations of the Holy Spirit's work among uncircumcised believers, marked a causal pivot enabling Christianity's detachment from Judaism as a proselytizing sect, fostering exponential growth among pagans unbound by ritual prerequisites.",F033,Causal Oversimplification,anti,Attributes Christianity's 'exponential growth' to one cause (dropping circumcision) and calls a theological claim 'empirical'.
circumcision-controversy-in-early-christianity,"This event, occurring around AD 40, demonstrated empirically that God accepted uncircumcised Gentiles into the covenant community based on faith alone.",F004,Appeal to Authority,anti,"The scriptural narrative is the only warrant, yet the article's own voice presents the result as empirically demonstrated."
circumcision-controversy-in-early-christianity,"The policy's causal effect was the acceleration of Christianity's demographic shift toward Gentile majorities, as evidenced by the proliferation of house churches in Asia Minor and Greece by the 50s CE, unhindered by the proselytizing bottlenecks that limited Judaism's convert pool to those willing to endure circumcision and dietary rigors.",F031,Post Hoc,anti,Causal claim rests on later proliferation of house churches; other drivers of growth are not considered.
circumcision-controversy-in-early-christianity,"Scholarly analyses confirm this act as Jesus' initial shedding of blood in obedience to the law, prefiguring his ultimate sacrificial death.",F004,Appeal to Authority,neutral,A typological reading is presented as 'confirmed' by unnamed scholarly analyses.
circumcision-controversy-in-early-christianity,"For these disciples, the implications centered on viewing Jesus as the Messiah who intensified rather than nullified Jewish law-keeping; thus, they circumcised their sons without recorded dissent from Jesus, who critiqued external ritualism but not the covenant's physical sign itself (cf. Matthew 23:23 on tithing).",F010,Appeal to Ignorance,pro,Absence of recorded dissent is used as evidence of Jesus' endorsement of continued circumcision.
circumcision-in-africa,"Empirical data from these programs confirm sustained HIV incidence reductions of 40-60% in high-burden settings, without evidence of behavioral risk compensation.00102-9/fulltext) Complications in VMMC remain low at under 2%, far below traditional methods, supporting their causal role in averting infections amid ongoing HIV epidemics.",F032,Cum Hoc,pro,"Program monitoring data, plus a non-sequitur from low complication rates, presented as supporting a causal role in averting infections."
circumcision-in-africa,"Though penile cancer is rare overall (incidence <1 per 100,000 in Africa), circumcision nearly eliminates this risk by removing susceptible tissue, as evidenced by epidemiological reviews showing near-zero rates among circumcised populations.",F055,Ecological Fallacy,pro,Population-level near-zero rates used to claim near-elimination of individual risk.
circumcision-in-africa,"These practices evoke broader bioethical tensions between individual bodily integrity and communal or public health imperatives; proxy consent from parents or guardians for irreversible genital alteration lacks validity under first-principles of self-ownership, particularly absent imminent therapeutic necessity, though VMMC's evidenced HIV efficacy in heterosexual epidemics tempers absolutist autonomy claims.",F040,Loaded Language,pro,Pejorative 'absolutist' label used to discount autonomy claims.
circumcision-in-africa,"Advocacy against VMMC, including claims of neocolonial experimentation akin to the Tuskegee syphilis study, overlooks the voluntary nature of programs targeting adolescent and adult males with informed consent, as well as post-trial observational data confirming sustained protective effects without significant risk compensation.",F036,Suppressed Evidence,pro,"Asserts voluntariness and informed consent although the article's own ethics section documents consent deficiencies, incentives and coercion."
circumcision-in-africa,"Such positions, advanced by advocacy groups rather than peer-reviewed consensus, risk undermining combination prevention strategies, potentially elevating HIV incidence in high-burden regions.",F027,Genetic Fallacy,pro,"Positions rejected because of who advances them (advocacy groups), plus a feared consequence, rather than on content."
circumcision-in-africa,"Additional scrutiny highlights selective cultural relativism and misinformation tactics by anti-circumcision activists, who aggressively oppose male procedures while supporting interventions against female genital mutilation (FGM), despite FGM's greater documented harms like urinary issues and childbirth complications.",F001,Ad Hominem,pro,Attacks activists' consistency and tactics instead of their arguments; opposing both FGM and male cutting is not an inconsistency.
circumcision-in-africa,"In 2012, intactivists coordinated negative Amazon reviews to demote a book synthesizing evidence for circumcision's role in HIV control, illustrating ideological efforts to suppress data-driven discourse over scientific merit.",F056,Exception Fallacy,pro,A single Amazon-review incident used to characterize the whole opposing movement.
circumcision-in-africa,"These actions, from sources with apparent conflicts tied to advocacy rather than epidemiological expertise, contrast with African-led implementation, where VMMC integration with education and testing has correlated with incidence declines, such as a 30–40% drop in modeled HIV cases in high-uptake areas by 2017.",F001,Ad Hominem,pro,Discounts opponents by imputed conflicts and lack of credentials.
circumcision-in-africa,"Overall, critiques emphasize that prioritizing unverified autonomy claims over verifiable causal reductions in HIV transmission disregards the agency of African communities facing acute public health crises.",F073,McNamara Fallacy,pro,Normative autonomy claims are dismissed as 'unverified' because they are not measurable outcomes.
circumcision-in-brunei,"This approach adapts global evidence to Brunei's context, where male circumcision prevalence is estimated at 51.9% due to religious norms, potentially amplifying protective effects against HIV and other sexually transmitted infections.",F022,Accident,pro,VMMC evidence from high-prevalence heterosexual epidemics is applied to Brunei and said to be 'potentially amplifying protective effects'; the general rule is used outside its stated scope.
circumcision-of-jesus,"Apocryphal works such as the Infancy Gospel of Thomas, dated to the mid-second century, elaborate on Jesus' childhood miracles but omit any reference to his circumcision, underscoring their legendary rather than evidentiary character.",F010,Appeal to Ignorance,neutral,"A text's silence about the circumcision is taken as showing it is legendary, which is a non sequitur from omission."
circumcision-surgical-procedure,"Ritual or traditional settings, including Jewish brit milah by mohels or tribal initiations, often forgo anesthesia and modern clamps in favor of sharp instruments like ritual knives, resulting in substantially higher risks—up to 14% severe complications like excessive bleeding or sepsis—due to non-sterile conditions and untrained performers.",F041,False Equivalence,neutral,"Groups mohel-performed brit milah with unsterile tribal initiations under one 'up to 14% severe complications' figure, despite material differences between them."
circumcision-surgical-procedure,"Across settings, neonatal timing in controlled medical environments empirically minimizes morbidity compared to delayed or ceremonial procedures.",F036,Suppressed Evidence,pro,Claims neonatal timing minimizes morbidity although the article's own long-term section reports meatal stenosis risk elevated twofold when circumcision occurs before age one.
circumcision-surgical-procedure,"This reduction is attributed to decreased chronic inflammation, phimosis-related issues, and human papillomavirus (HPV) persistence under the foreskin, conditions that facilitate carcinogenesis; penile cancer remains rare overall, with annual U.S. incidence rates of 1 in 100,000 uncircumcised men versus near-zero in circumcised populations.",F055,Ecological Fallacy,pro,"Population-level near-zero rate presented as individual protection, without addressing differences between populations."
circumcision-surgical-procedure,"From a first-principles ethical framework emphasizing autonomy as a core principle in bioethics, infant circumcision contravenes the requirement for voluntary, informed agreement to procedures altering functional anatomy, as the foreskin serves protective, sensory, and immunological roles without posing inherent harm if left intact.",F036,Suppressed Evidence,anti,"In the article's own voice, says the intact foreskin poses no inherent harm, leaving out the UTI, phimosis and balanitis risks the article itself reports."
cost-of-circumcision-surgery-in-chaozhou,"Culturally, male circumcision is often viewed as unfamiliar and sensitive in Chinese society, with many parents and individuals expressing reluctance toward early infant or childhood procedures due to misconceptions about its necessity, benefits, or risks.",F040,Loaded Language,pro,"Labels parental reluctance as 'misconceptions', treating disagreement as error without argument."
cultural-views-on-circumcision-aesthetics,Scientific studies show no consistent overall preference or significant difference in female sexual satisfaction between circumcised and uncircumcised partners; results are mixed and often depend on cultural context.,F036,Suppressed Evidence,anti,"Lead claims no consistent preference, but the article later reports a 2019 systematic review in which the overwhelming majority of studies found women preferred circumcised penises."
cultural-views-on-circumcision-aesthetics,"This underscores the cultural bias toward circumcision in Turkey, where uncircumcised men are less common and sometimes viewed negatively.",F011,Hasty Generalization,neutral,Mixed anonymous forum posts generalized into a national 'cultural bias'.
ethics-of-circumcision,"These ceremonies, predating European contact by centuries and documented in ethnographic accounts from the 19th century onward, involved ritual seclusion, scarification, and oral traditions, with practitioners selected for ancestral knowledge; while modern analyses note elevated risks in unregulated contexts, historical continuity in experienced communal hands suggests adaptive safety mechanisms, such as herbal antiseptics, enabling generational persistence.",F028,Appeal to Tradition,pro,The practice's persistence over generations is taken as evidence that it is safe.
ethics-of-circumcision,"These findings counter unsubstantiated assertions of harm, as lower-quality self-report studies showing differences often suffer from recall bias or confounding factors like cultural attitudes, whereas objective measures (e.g., histological sensitivity assessments) indicate preserved or enhanced penile nerve density in circumcised men.",F026,Poisoning the Well,pro,"Contrary findings dismissed by source category, before any specific study's content is addressed."
ethics-of-circumcision,The best interest criterion in pediatric ethics demands an evidence-based evaluation of lifetime health outcomes over transient or unsubstantiated concerns.,F040,Loaded Language,pro,The definition of 'best interest' builds in the verdict: opposing concerns are labelled 'unsubstantiated' by definition.
ethics-of-circumcision,"Randomized controlled trials in Africa, extrapolated by the CDC, indicate that male circumcision confers a 50-60% reduction in heterosexual HIV acquisition risk, alongside lowered incidence of certain STIs like herpes simplex virus-2, yielding net preventive benefits that persist into adulthood.",F022,Accident,pro,Adult heterosexual HIV trial results from high-prevalence settings are applied as a general net benefit for infants.
ethics-of-circumcision,"Parental rights encompass transmitting cultural or religious traditions via such decisions when empirical data does not establish net harm, aligning with professional guidelines that defer to family values in proxy consent absent overriding medical contraindications.",F010,Appeal to Ignorance,pro,Shifts the burden: the practice is permitted because net harm has not been established.
ethics-of-circumcision,"This framework privileges verifiable causal benefits—such as infection risk mitigation—over hypothetical future regrets, which surveys indicate affect a minority of parents regardless of choice.",F003,Red Herring,pro,The objection concerns the child's later regret; parents' regret rates do not answer it.
ethics-of-circumcision,"These causal data from high-quality RCTs and meta-analyses establish an empirical threshold where harms—primarily acute pain and rare complications—do not predominate, precluding classification as net harm absent context-specific override (e.g., negligible HIV risk environments still yield marginal gains from non-HIV outcomes).",F036,Suppressed Evidence,pro,"Lists harms as only pain and rare complications, omitting the 5–20% meatal stenosis incidence the same article reports."
ethics-of-circumcision,"Critiques framing infant circumcision as inherently non-therapeutic, thus presumptively harmful, falter against precedents in preventive pediatric medicine, where procedures like heel-stick blood sampling for newborn metabolic screening inflict comparable or greater procedural pain yet are standard due to utility in averting conditions like phenylketonuria, which untreated causes intellectual disability in 1:10,000-15,000 births.",F042,False Analogy,pro,"Heel-prick screening is minimally invasive, has no tissue loss and prevents imminent severe harm, so the analogy breaks on the critical properties."
ethics-of-circumcision,"Labeling circumcision non-therapeutic overlooks its analogous preventive ontology, supported by modeling showing lifetime HIV risk reduction of 16% across U.S. demographics via neonatal timing.",F022,Accident,pro,Extends HIV-prevention modeling to all U.S. neonates to recast a non-therapeutic procedure as preventive care.
ethics-of-circumcision,"Slippery slope arguments equating male circumcision to female genital mutilation (FGM) lack evidential parity, as FGM confers no documented health benefits and correlates with increased risks of urinary issues, sexual dysfunction, and obstetric complications (e.g., postpartum hemorrhage odds ratio 1.3-1.55), per WHO classifications of Types I-III.",F002,Straw Man,pro,Recasts a parity/consistency argument as a 'slippery slope' and then rejects that misdescribed version.
ethics-of-circumcision,"Nordic medical and ethical bodies, influenced by advocacy for genital autonomy, have pushed for restrictions or bans on non-therapeutic circumcision, as seen in Denmark's 2016 recommendation by the Danish Medical Association to end the practice for boys under 18, framing it as a personal choice deferred to maturity due to pain, rights infringements, and questionable necessity.",F027,Genetic Fallacy,pro,"Attributes the Nordic bodies' positions to advocacy influence, implying an origin-based discount."
ethics-of-circumcision,"In societies with high circumcision prevalence, such as those in the United States or Israel, conformity to the norm minimizes social stigma associated with deviation, as uncircumcised individuals may face peer exclusion or ridicule in contexts like military service or communal bathing.",F005,Appeal to Popularity,pro,Majority practice and the social cost of deviating are offered as a reason for the procedure.
ethics-of-circumcision,"Reports of adult regret over neonatal circumcision remain infrequent, with reversal procedures sought by only a small minority—estimated at around 3 per 1,000 adult males in the U.S.—implying broad acceptance within these cultural milieus.",F013,False Dilemma,pro,"Low uptake of reversal procedures is read as acceptance, ignoring other explanations (restoration's burden and limits)."
ethics-of-circumcision,"This environmental causality underscores how cultural persistence can embody practical responses to historical exigencies, validating continuity where no overriding harm is empirically demonstrated.",F028,Appeal to Tradition,pro,A speculative origin story plus the practice's persistence is used to validate continuing it.
ethics-of-circumcision,"However, this framing overlooks its preventive classification in contexts analogous to vaccines, where interventions target rare but severe outcomes with net benefits; for instance, systematic reviews affirm circumcision reduces UTI risk by 90% in infancy and heterosexual HIV acquisition by 50-60% based on randomized controlled trials (RCTs) in high-prevalence settings, benefits that scale population-wide despite low baseline risks.",F042,False Analogy,pro,Vaccine analogy for a surgical removal of tissue whose main HIV benefit applies only to adults in high-prevalence settings.
ethics-of-circumcision,"Lower circumcision prevalence in Europe (typically under 20%, except among immigrant Muslim populations) is often cited as evidence of non-necessity, yet this reflects historical and cultural norms—such as post-World War II abandonment in the UK and bans linked to anti-Jewish sentiments in antiquity—rather than superior medical outcomes; European nations exhibit comparable disease rates to high-circumcision regions when adjusted for hygiene and behavior, and some analyses urge reconsideration given universal benefits like reduced human papillomavirus (HPV) persistence.",F025,Guilt by Association,pro,Associates low European prevalence with ancient antisemitic bans to discredit the non-necessity inference.
ethics-of-circumcision,"While some observational data suggest heightened nociceptive sensitivity to later stimuli (e.g., vaccinations at 4-6 months), this reflects procedural sensitization rather than psychological trauma encoding, and does not manifest as conscious memory or avoidance behaviors.",F039,No True Scotsman,pro,A counterexample (lasting pain sensitization) is excluded by redefining 'trauma' to require conscious memory.
ethics-of-circumcision,"Claims of delayed trauma, often from advocacy-driven surveys or small non-randomized cohorts, fail replication in rigorous designs and overlook confounders like cultural context or self-selection bias.",F026,Poisoning the Well,pro,Claims dismissed by their source; the next sentence then relies on retrospective surveys for satisfaction rates.
ethics-of-circumcision,"The ethical calculus of circumcision pain weighs transient, mitigable distress against documented health gains, contrasting sharply with unanesthetized female genital cutting, where severe, unmanaged nociception correlates with chronic pelvic pain and dyspareunia in up to 30-50% of cases per cohort studies.",F077,Fallacy of Relative Privation,pro,Minimizes circumcision pain by pointing to a worse practice.
ethics-of-circumcision,"Evidence-based neutrality in these processes requires prioritizing peer-reviewed data over emotive or unsubstantiated claims, such as exaggerated complication rates unsupported by large cohort studies showing serious adverse events below 1%.",F040,Loaded Language,pro,Opposing claims are characterized as 'emotive' and 'exaggerated' rather than addressed.
ethics-of-circumcision,"This evidence prioritizes causal efficacy over deferred choice, as adult uptake failures undermine preventive efficacy.",F040,Loaded Language,pro,"Adults declining the procedure are called 'uptake failures', which presumes the conclusion that circumcision is the desired outcome."
ethics-of-circumcision,"This contextual reading prioritizes verifiable health outcomes over absolutist interpretations of bodily integrity, as the UNCRC's silence on condemnation reflects an acknowledgment that proxy parental decisions can align with overall child welfare when risks are minimized through sterile procedures.",F010,Appeal to Ignorance,pro,The treaty's silence is read as acknowledgment that proxy decisions are acceptable.
ethics-of-circumcision,"Absolutist claims equating male circumcision to mutilation overlook data showing complication rates below 0.5% in hospital settings versus higher non-medical ritual risks, and fail to account for evolutionary and physiological roles of the foreskin that, while sensitive, do not preclude overall utility in disease prevention.",F002,Straw Man,pro,Opposing rights arguments are recast as 'absolutist' equations and rebutted with complication data.
ethics-of-circumcision,"Parental prerogative under Article 14 persists absent demonstrable net harm, as affirmed in UNCRC analyses rejecting outright bans in favor of regulated practice, thereby integrating religious freedoms with health imperatives grounded in randomized trial outcomes rather than speculative autonomy projections.",F040,Loaded Language,pro,"Pejorative 'speculative' applied to autonomy interests, which are normative rather than predictive claims."
forced-circumcision,"Forced circumcision is the non-consensual surgical removal of the foreskin from the penis, encompassing procedures performed on infants incapable of consent, coercive initiations on adolescents or adults, and punitive or assimilative acts in historical or conflict settings.",F040,Loaded Language,anti,"The definition of 'forced' is stretched to cover routine parental-consent infant procedures, so the condemnatory label carries the conclusion."
forced-circumcision,"Non-therapeutic infant circumcision, routine in nations like the United States (with rates around 58% as of recent hospital data) and Israel, exemplifies inherent involuntariness, as newborns cannot consent, prompting legal challenges questioning its alignment with assault statutes or rights to physical integrity.",F041,False Equivalence,anti,"Treats routine hospital infant circumcision under parental consent as equivalent to the coercive abductions and punitive cuttings the article describes, despite material differences in force, setting and intent."
forced-circumcision,"Proponents invoke unproven or context-specific benefits like reduced HIV transmission in high-prevalence areas, yet critics cite elevated complication risks—up to 20-fold higher in non-infants—and ethical parallels to other non-consensual body modifications.",F040,Loaded Language,anti,"Calls the benefits 'unproven' in the article's own voice, while the same article reports RCT evidence for them."
forced-circumcision,"Debates persist over source credibility, with public health advocacy sometimes amplifying benefits while underreporting autonomy violations, reflecting institutional pressures in global campaigns.",F026,Poisoning the Well,anti,"Discounts public-health sources as biased by institutional pressure, without engaging specific evidence."
forced-circumcision,"Empirical data from regions like eastern Africa highlight procedural complications in up to 10-20% of coerced initiations, underscoring the causal link between non-consent and adverse outcomes.",F034,False Cause,anti,Complications from unsterile tools and untrained operators are attributed to non-consent itself; the more direct cause (setting and technique) is passed over.
forced-circumcision,"This disparity fuels accusations of a double standard, as evidenced by surveys in Sweden where 38% of medical students viewed the practices as comparable in ethical terms, challenging institutional narratives that separate them into ""mutilation"" for females and ""procedure"" for males.",F005,Appeal to Popularity,anti,A minority opinion share among students is offered as evidence for a double standard.
forced-circumcision,"This table illustrates empirical divergences, yet first-principles scrutiny reveals that both undermine causal chains of individual consent, with policy divergences often tracing to cultural familiarity—male practices normalized in Abrahamic traditions and Western medicine, while FGC is exoticized as barbaric.",F027,Genetic Fallacy,anti,"Explains away the harm-based distinction (which the preceding table documents) by tracing it to cultural familiarity, an origin-based dismissal."
forced-circumcision-of-minors-in-south-korea,"Forced circumcision of minors in South Korea refers to the parental authorization of surgical foreskin removal on male children or adolescents without the minor's informed consent, a routine non-therapeutic procedure deeply embedded in the country's social and cultural norms.",F040,Loaded Language,anti,"Defines ordinary parental authorization as 'forced' circumcision, so the label presupposes the contested moral verdict."
khitan-circumcision,"No robust data supports claims of diminished sexual function or satisfaction post-circumcision, countering anecdotal assertions of harm.",F010,Appeal to Ignorance,pro,"Treats an absence of robust data as a refutation of harm claims, and labels contrary claims 'anecdotal' without engaging them."
khitan-circumcision,"Despite these advancements, gaps persist in resource-limited areas where traditional practitioners may prioritize ritual speed over analgesia, underscoring the need for education on evidence-based methods; peer-reviewed analyses indicate that unaddressed pain in khitan correlates with higher incidence of immediate behavioral sequelae, though long-term psychological impacts require further longitudinal research free from institutional biases favoring minimal intervention narratives.",F026,Poisoning the Well,anti,"Pre-emptively discredits existing research as institutionally biased, so evidence of limited harm is discounted in advance."
khitan-circumcision,"Khitan, the Islamic practice of male circumcision, surgically excises the foreskin covering the glans penis, preserving the organ's primary erectile and urinary functions while removing a non-vital cutaneous layer.",F040,Loaded Language,pro,Minimizing description ('non-vital cutaneous layer') contrasts with FGC tissue described as 'erogenous tissue essential for sexual sensation' in the next sentence; the asymmetric wording builds in the distinction.
khitan-circumcision,"Complication rates for medically supervised male circumcision remain below 1% for serious adverse events, whereas FGC, predominantly non-sterile and non-clinical, correlates with morbidity rates exceeding 20% in untreated cases.",F036,Suppressed Evidence,pro,Compares serious-only male rates in medical settings with all-morbidity FGC rates in non-clinical settings. The article's own 3.84% overall rate and its higher traditional-setting rates go unused in this contrast.
prevalence-of-circumcision,"Program evaluations confirm population-level HIV incidence declines correlating with VMMC scale-up, independent of confounding factors like antiretroviral therapy expansion.",F032,Cum Hoc,pro,"A population-level correlation is presented as causal, with confounding by concurrent ART expansion declared away and no method given for isolating it."
prohibition-of-female-circumcision-act-1985,"The empirical record of zero convictions under the Act demonstrated its primarily symbolic function, with no deterrent effect evidenced in court outcomes.",F073,McNamara Fallacy,neutral,Conviction counts are treated as the measure of deterrence. Zero convictions cannot show the absence of a deterrent effect.
prohibition-of-female-circumcision-act-1985,"Cultural relativism influenced enforcement shortcomings, with police and social services often prioritizing community cohesion over child protection, influenced by diversity training that emphasized sensitivity to immigrant customs and discouraged interventions perceived as culturally insensitive.",F033,Causal Oversimplification,anti,"Enforcement failure is attributed mainly to diversity training and relativism, though the article itself lists other causes (secrecy, evidentiary hurdles, resource limits)."
prohibition-of-female-circumcision-act-1985,"Narratives attributing FGM persistence solely to socioeconomic factors like poverty have been overstated, as empirical data show the practice occurring across income levels within affected diasporas, driven fundamentally by ritualistic and patriarchal traditions rather than economic deprivation alone.",F002,Straw Man,anti,Rebuts an unattributed 'solely socioeconomic' position that the article does not show anyone holding.
prohibition-of-female-circumcision-act-1985,"Parliamentary discussions during the Bill's passage highlighted medical testimonies on irreversible damage over unsubstantiated equivalence to benign rituals, underscoring that tolerance of mutilatory customs undermines the state's duty to minors irrespective of origin.",F040,Loaded Language,pro,"The article's own voice calls the male/female comparison an 'unsubstantiated equivalence to benign rituals', a loaded dismissal of the comparison."
prohibition-of-female-circumcision-act-1985,"While ethical scrutiny of non-therapeutic infant male circumcision persists—citing potential loss of erogenous tissue and autonomy violations—the absence of equivalent regulation does not negate FGM's empirically greater morbidity, as evidenced by global health data showing FGM's complication rates far exceeding those of male circumcision (e.g., up to 15-30% acute issues in some FGM types versus under 1% for males in controlled settings).",F036,Suppressed Evidence,pro,"Pairs the worst FGM types in uncontrolled settings against male circumcision in controlled settings, a mismatched comparison that inflates the contrast."
prohibition-of-female-circumcision-act-1985,"This distinction reflects causal prioritization of documented outcomes over superficial procedural analogies, rather than cultural or gender bias.",F040,Loaded Language,pro,Labels the opposing analogy 'superficial' and asserts the absence of bias without supporting it.
religion-and-circumcision,"Contemporary tensions arise from secular challenges invoking infant consent and bodily integrity against religious imperatives, amplified by empirical inquiries into prophylactic benefits versus procedural risks, though source biases in academic and media analyses often skew toward cultural relativism over causal health outcomes.",F026,Poisoning the Well,pro,"Pre-emptively discredits academic and media analyses as biased, without identifying any specific bias or source."
religion-and-circumcision,"Non-binding Council of Europe resolutions in 2013 and 2015 urged member states to scrutinize non-medical circumcision for consent violations but deferred to national laws protecting religious minorities, reflecting empirical data on low complication rates (under 1% in regulated settings) over absolutist child-rights arguments.",F040,Loaded Language,pro,"Opposing child-rights arguments are labelled 'absolutist', and the institutions' deference is credited to empirical data without support."
views-on-circumcision,"Circumcision-related mortality is exceedingly rare, estimated at less than 1 in 500,000 procedures in developed settings, lower than the mortality risk associated with common pediatric surgeries like appendectomy, which exceeds 1% in infants under one year.",F042,False Analogy,pro,"Compares the mortality of an elective procedure with surgery for an acute life-threatening condition, a false analogy for judging acceptability."
views-on-circumcision,"Pain during neonatal circumcision is effectively mitigated with local anesthesia, reducing distress to levels comparable to routine vaccinations, countering assertions of unmanageable harm.",F002,Straw Man,pro,"Opponents' position is restated as a claim of 'unmanageable harm', which is easier to rebut than the consent argument."
views-on-circumcision,"Recent cohort studies from 2023 and 2024 in controlled clinical environments report overall complication rates below 1%, predominantly minor and resolving without sequelae, undermining exaggerated characterizations of the procedure as inherently mutilative absent comparative data from other genital interventions.",F040,Loaded Language,pro,"Labels the opposing characterization 'exaggerated' in the article's own voice, and the claim that low complication rates undermine it does not follow."
views-on-circumcision,"Moreover, parental proxy consent is a established legal norm for interventions like vaccinations or ear piercings in minors, where societal benefits or cultural norms justify decisions on behalf of incapable children, undermining the absolutist stance against circumcision without therapeutic mandate.",F042,False Analogy,pro,"Analogy to vaccinations and ear piercing, which differ in necessity or reversibility, is used to undermine the 'absolutist stance'."
views-on-circumcision,"However, these initiatives have faced setbacks due to insufficient evidence of harm in population-level data, with surveys indicating that adult circumcised men report satisfaction rates comparable to uncircumcised peers, suggesting that consent-based objections may not align with observed outcomes.",F003,Red Herring,pro,"A consent-based objection is answered with satisfaction and harm data, which does not address whether consent was needed."
views-on-circumcision,"This tension highlights a reliance on deontological principles over consequentialist evaluations, where the absence of provable detriment challenges the urgency of prohibiting a procedure performed on millions without substantiated regret.",F010,Appeal to Ignorance,pro,"Treats the absence of proven detriment as a reason against concern, reinforced by the number of people affected."
views-on-circumcision,"Labeling the procedure ""mutilation"" overlooks this framework, equating a low-risk, benefit-accruing intervention—comparable to routine ear piercing in some cultures—with non-therapeutic harm, while empirical data supports parental discretion as a bulwark against overreach that could parallel compelled reversals of other childhood norms.",F042,False Analogy,pro,"Unattributed comparison of circumcision to routine ear piercing, used to dismiss the 'mutilation' label."
views-on-circumcision,"Thus, rights-based defenses prioritize familial liberty and tradition as counterweights to individualistic absolutism, grounded in the causal reality that early stewardship maximizes child flourishing without viable infant alternatives.",F040,Loaded Language,pro,Labels the opposing view 'individualistic absolutism' and asserts a 'causal reality' of maximized flourishing without support.
views-on-circumcision,"This analogy persists despite fundamental disparities: FGM offers no established health benefits and entails severe complications including urinary issues and increased mortality risks, whereas voluntary medical male circumcision (VMMC) demonstrates empirical benefits such as reduced heterosexual HIV acquisition.",F003,Red Herring,pro,"Rebuts the intactivist analogy, which targets non-consensual infant circumcision, by citing benefits of voluntary adult VMMC, so the response shifts the subject."
ashley-montagu-resolution,"These efforts positioned Montagu as a key figure in postwar antiracist science, though institutional biases in mid-20th-century anthropology often amplified environmental explanations at the expense of causal genetic mechanisms.",F026,Poisoning the Well,neutral,"Discounts Montagu's anthropology by attributing it to institutional bias rather than engaging its evidence. The topic is race science, not circumcision."
ashley-montagu-resolution,"The absence of robust initial pushback underscores a broader academic tendency to prioritize aggregated health data over absolutist ethical petitions, potentially influenced by systemic alignments with prevailing clinical norms.",F010,Appeal to Ignorance,neutral,"Draws a positive conclusion about academic tendencies from an absence of responses. The silence is compatible with many explanations, including simple neglect of a niche petition."
ashley-montagu-resolution,"Key limitations stemmed from evidentiary and framing challenges: the resolution's categorical condemnation overlooked systematic reviews documenting net health benefits for neonatal male circumcision, including 50-60% reductions in heterosexual HIV acquisition and lower urinary tract infection risks in infancy.",F011,Hasty Generalization,pro,The HIV reduction comes from adult trials in high-prevalence settings and is cited as a benefit of neonatal circumcision in general.
ashley-montagu-resolution,This absolutist equation of all genital modifications ignored procedural severities—female genital mutilation (FGM) Types II-III often entail greater tissue loss and complications like vesicovaginal fistulae—undermining broader acceptance amid cultural entrenchment and medical endorsements.,F040,Loaded Language,pro,"Calls the resolution 'absolutist' and says it 'ignored' severity, though the article itself reports the proponents' argument that severity differences do not negate the shared harm."
brit-milah,"The ritual has elicited debates over medical ethics, with empirical evidence indicating neonatal circumcision confers protections against urinary tract infections, penile cancer, and heterosexual HIV transmission, yet it is irreversible and carries risks of bleeding, infection, or improper healing.",F011,Hasty Generalization,pro,HIV protection comes from adult RCTs in high-prevalence settings and is attributed to neonatal circumcision in general.
brit-milah,"While ancient Israelites would not have known this scientifically, the alignment is cited as evidence of practical wisdom in the biblical prescription, making the rite safer in pre-modern conditions without contemporary interventions like vitamin K supplementation.",F035,Texas Sharpshooter,pro,"A modern physiological coincidence is fitted after the fact to the ancient eighth-day rule as evidence of its wisdom, with the 'safer' conclusion stated in the article's own voice."
brit-milah,"These positions counter activist claims of net harm by prioritizing randomized and cohort data over anecdotal or ideological critiques, acknowledging procedure safety improves with trained practitioners.",F040,Loaded Language,pro,"Dismisses critics as 'anecdotal or ideological', though the critiques reported include consent-based ethical arguments that are not answered by outcome data."
brit-milah,"Overall, while brit milah bolsters resilience in observant enclaves, persistent secular encroachments in Europe risk marginalizing Orthodox communities, prompting some families to relocate to more permissive jurisdictions like the UK or Israel, where the practice enjoys broader societal acceptance.",F040,Loaded Language,pro,Loaded framing ('encroachments') of child-rights regulation in the article's own voice.
children-act-1989-amendment-female-genital-mutilation-act-2019,"Following the enactment of the Children Act 1989 (Amendment) (Female Genital Mutilation) Act 2019, Ministry of Justice statistics recorded 199 applications for female genital mutilation (FGM) protection orders in family courts for that year, reflecting an initial surge likely tied to expanded procedural access under section 8 proceedings.",F031,Post Hoc,neutral,"Attributes the post-enactment application count to the amendment because of timing alone. The comparison mixes metrics (117 granted in 2018 vs 199 applications in 2019), and later declining counts are then described as an 'uptick'."
female-genital-mutilation,"A subset of ethicists critiques the nomenclature disparity with male genital cutting, positing gender bias in ethical framing—male procedures are normalized as ""circumcision"" despite non-consensual infant application, while FGM's all forms are pathologized—yet empirical comparisons reveal FGM's greater tissue loss (up to 80% in Type III) and zero net health gains, justifying the terminological distinction on harm-based grounds.",F036,Suppressed Evidence,pro,"Uses the most extensive type (Type III) to justify one label for all FGM forms, including Type IV pricking that the article elsewhere calls minimal tissue removal."
female-genital-mutilation,"Psychological trauma, manifesting as PTSD symptoms, has been observed in longitudinal studies of survivors, though data quality varies due to underreporting in biased self-reports from advocacy-influenced surveys.",F026,Poisoning the Well,pro,"Discounts psychological-trauma evidence by attributing it to advocacy-influenced bias, without specifics."
female-genital-mutilation,"Male circumcision, when conducted in clinical settings, has complication rates below 1%, primarily minor bleeding or infection, and is associated with protective effects against urinary tract infections in infancy (reduced by 90%) and heterosexual HIV acquisition (by 60%, per randomized trials in Africa).",F036,Suppressed Evidence,pro,"FGM rates from non-sterile traditional settings in the previous sentence are set against male circumcision in clinical settings only, a mismatched comparison that inflates the contrast."
female-genital-mutilation,"These disparities stem from anatomical realities: the clitoris is the primary female sexual organ analogous to the penis, with excision equating to partial penile amputation, whereas foreskin removal affects a protective sheath without excising core genital tissue.",F011,Hasty Generalization,pro,"Generalizes from clitoral excision to FGM as a whole, though the article itself describes prepuce-only (Type Ia) and pricking (Type IV) forms that this reasoning does not cover."
female-genital-mutilation,"These patterns suggest that global efforts, while data-driven in intent, are undermined by inconsistent application influenced by political correctness and resource allocation priorities.",F040,Loaded Language,anti,"Loaded attribution ('political correctness') in the article's own voice, without evidence of the claimed motive."
female-genital-mutilation-act-2003,"The Act distinguishes female genital mutilation from male circumcision by focusing on the former's inherently non-therapeutic intent and disproportionate harms, absent in the latter when medically indicated.",F036,Suppressed Evidence,pro,"Contrasts non-therapeutic FGM with medically indicated male circumcision, leaving out the non-therapeutic male case that is the relevant comparator."
female-genital-mutilation-act-2003,"In contrast, male circumcision removes the foreskin (with fewer nerve endings and partial sensory role) and, when voluntary and hygienic, reduces heterosexual HIV acquisition by 60% per randomized trials, alongside lower UTI and penile cancer rates, rendering it non-equivalent in harm-benefit calculus.",F036,Suppressed Evidence,pro,"Benefits of voluntary adult circumcision are used to settle the harm-benefit comparison with non-consensual childhood FGM, a selective comparator."
female-genital-mutilation-act-2003,"In the 2010s, discussions of FGM enforcement faced accusations of Islamophobia, particularly when highlighting its prevalence in certain immigrant communities, with critics in media and academia—often exhibiting left-leaning biases toward multicultural tolerance—arguing that condemnation risks stigmatizing minority cultures despite evidence of ongoing cases in the UK.",F001,Ad Hominem,anti,Dismisses critics by imputing political bias instead of answering their stigmatization argument.
female-genital-mutilation-act-2003,Enforcement of the 2003 Act has been undermined by gaps in immigration controls and multicultural policies that deter proactive intervention in ethnic enclaves.,F033,Causal Oversimplification,anti,"Attributes enforcement failure mainly to immigration and multicultural policy, while the article's own prosecution section identifies evidential hurdles and victim non-cooperation as the key factors."
female-genital-mutilation-act-2003,"Such measures face opposition labeling them xenophobic, yet data show unintegrated clusters—concentrated in areas like London boroughs with rates up to 47 per 1,000—perpetuate FGM through parallel social structures, underscoring realism that unchecked migration without assimilation enforces de facto exemptions from universal prohibitions.",F040,Loaded Language,anti,"Loaded framing ('unchecked migration', 'realism') presented as a conclusion from clustering data that does not establish it."
female-genital-mutilation-in-india,"Unlike male circumcision, which epidemiological studies link to reduced risks of urinary tract infections, penile cancer, and heterosexual HIV transmission in high-prevalence settings, FGM lacks any verifiable medical justification and consistently correlates with adverse outcomes, including immediate risks of hemorrhage, infection, and shock, as well as long-term issues like chronic pain, urinary problems, sexual dysfunction, and increased maternal mortality from childbirth complications.",F011,Hasty Generalization,pro,"In a section on Type Ia (prepuce-only) khatna, outcomes of the severe types (e.g. maternal mortality from childbirth complications) are attributed to FGM generally to draw the male/female contrast."
female-genital-mutilation-in-india,"These risks stem causally from procedural factors like lack of medical oversight, rather than inherent severity, as khatna aligns with WHO Type Ib cutting.",F034,False Cause,pro,"Asserts without support that the harms come from setting rather than the cut itself, which the article later contradicts by saying medicalized khatna yields the same core harms."
female-genital-mutilation-in-india,"This tension underscores a causal divide: UN absolutism assumes uniform harm across contexts, yet empirical gaps in Asia-specific prevalence data—reliant on self-reported surveys—limit verification, with India's non-endorsement of targeted conventions preserving space for community defenses rooted in religious freedom.",F002,Straw Man,pro,"Restates the UN position as an assumption of 'uniform harm' and labels it 'absolutism', though the article itself describes WHO's typology as graded by type."
female-genital-mutilation-in-new-zealand,"This scarcity reflects effective legal deterrence and low cultural entrenchment, though latent risks persist without rigorous enforcement of assimilation norms for harmful imported traditions.",F034,False Cause,anti,Credits the absence of documented cases to legal deterrence without evidence. The article later concedes zero convictions suggest 'either rarity or effective concealment'.
female-genital-mutilation-in-new-zealand,"General criminal laws against assault existed but did not explicitly address FGM, permitting unchecked perpetuation among unassimilated groups and revealing early policy shortcomings in monitoring cultural practices incompatible with New Zealand's legal norms.",F040,Loaded Language,anti,"Claims 'unchecked perpetuation' before 1996 while the article itself reports no documented instances, so the loaded framing outruns the evidence."
female-genital-mutilation-in-new-zealand,"Such caution is warranted, as anecdotal reports and international precedents indicate that low detection rates often mask ongoing occurrences in diaspora settings, necessitating better integration of immigration data with health and welfare records to address evidentiary voids.",F010,Appeal to Ignorance,anti,"Treats the lack of detected cases as a sign of hidden cases, a position the evidence cannot falsify."
female-genital-mutilation-in-new-zealand,"In practice, community-led dialogues in New Zealand, often promoted by left-leaning tolerance advocates, have yielded mixed results; while some Somali leaders collaborated with health educators to reframe FGM as unnecessary for cultural identity, achieving near-universal rejection within targeted groups, others reveal persistent rationalizations that excuse harm under diversity guises, eroding protections for girls by deferring to offender communities rather than enforcing assimilation to host norms.",F026,Poisoning the Well,anti,"Discredits community-dialogue approaches by a political label rather than by their results, which the same sentence reports as partly successful."
female-genital-mutilation-in-new-zealand,"Downplaying views, prevalent in advocacy circles, rely on rarity claims but overlook how policy-driven inflows from non-assimilating sources inherently heighten odds, prioritizing volume over vetting efficacy.",F040,Loaded Language,anti,"In the article's own voice, loaded framing ('non-assimilating sources', 'inherently') dismisses the rarity evidence, which is the article's own official data."
female-genital-mutilation-in-nigeria,"These initiatives have correlated with prevalence declines among older birth cohorts, dropping from 56.3% in the 1959–1963 cohort to 25.5% in the 1994–1998 cohort per Demographic and Health Survey data, reflecting heightened awareness from policy campaigns.",F031,Post Hoc,anti,"Credits a 2021-2025 policy and campaigns with declines between the 1959-63 and 1994-98 birth cohorts, which mostly predate them."
female-genital-mutilation-in-nigeria,"Empirical patterns reveal stronger correlations between reduced FGM rates and socioeconomic factors such as higher maternal education and urban residence—where prevalence drops to 13% versus 24% in rural areas—than with targeted campaigns alone, underscoring education and modernization as primary causal drivers.",F032,Cum Hoc,neutral,Cross-sectional correlations with education and urban residence are presented as establishing primary causes.
female-genital-mutilation-in-sudan,"Sunna is distinguished as a ritualistic procedure akin to male circumcision, often promoted by health advocates and communities as a culturally acceptable substitute to eradicate infibulation while retaining perceived purity benefits.",F042,False Analogy,pro,"In the article's own voice, calls Sunna 'akin to male circumcision', though the previous sentence defines it as removal of the clitoral prepuce and/or glans. The analogy downplays it as a substitute."
female-genital-mutilation-in-sudan,"International NGOs and media, often institutionally inclined toward highlighting legislative ""wins"" to sustain funding and narratives, have overstated progress—e.g., touting the 2020 ban as transformative—while downplaying persistent high rates and enforcement voids, potentially reflecting biases that prioritize symbolic victories over rigorous outcome tracking.",F001,Ad Hominem,pro,Discounts anti-FGM organisations' reports by pointing to a funding motive instead of engaging the evidence.
female-genital-mutilation-in-sudan,"Such approaches, integrating education with accountability frameworks and indirect economic support via donor-funded trainings, avoid resistance by addressing practitioners' motivations, outperforming bans that drive underground activity; scaling similar incentive-based models, potentially including subsidies for alternative livelihoods, could yield more sustainable reductions than prohibition alone.",F011,Hasty Generalization,neutral,"Concludes that incentive models outperform bans from a single pilot that measured pledges, not prevalence."
female-genital-mutilation-in-sudan,"Evidence indicates a slow, organic decline in FGM prevalence linked to urbanization and education, with urban rates at 85.5% compared to 87.2% in rural areas, and support for continuation dropping below 24% in Khartoum versus a national average of 41%, driven by greater access to awareness campaigns and professional opportunities.",F032,Cum Hoc,neutral,A 1.7-point cross-sectional urban/rural gap is offered as evidence of a decline over time driven by urbanization.
female-genital-mutilation-in-the-gambia,"Education level inversely correlates with the practice: among mothers of girls aged 0-14, 77% of those with no education report their daughters cut, versus 72% with primary and 68% with secondary or higher education, indicating that formal schooling disrupts transmission by challenging cultural justifications.",F032,Cum Hoc,neutral,"A small cross-sectional gradient (77%/72%/68%) is read as proof of a causal mechanism, with confounders not considered."
female-genital-mutilation-in-the-united-kingdom,"These changes reflected causal links between lax prior enforcement—zero convictions from 1985 to 2014—and persistent cultural practices, prioritizing empirical deterrence over multicultural relativism.",F040,Loaded Language,anti,Loaded framing that labels the alternative 'multicultural relativism' and asserts 'causal links' that are not shown.
female-genital-mutilation-in-the-united-kingdom,"The evolution demonstrates a shift from narrow prohibition to comprehensive risk-based criminalization, grounded in verifiable prevalence data rather than unsubstantiated claims of rarity.",F002,Straw Man,anti,"Sets the law against an unnamed 'claims of rarity' position. It also calls the prevalence data 'verifiable', though the article earlier says the figures are extrapolations resting on assumptions."
female-genital-mutilation-in-the-united-kingdom,"Earlier modeling estimated around 137,000 women and girls born in FGM-practicing countries residing in England and Wales, with approximately 103,000 aged 15–49 estimated to have undergone FGM (as of 2011 data), a figure likely conservative given subsequent immigration and the absence of eradication evidence.",F010,Appeal to Ignorance,anti,Uses the absence of evidence of eradication as support for higher prevalence.
female-genital-mutilation-in-the-united-states,"Causal mechanisms stem from anatomical disruption and associated trauma, independent of confounding social factors in migrant contexts.",F034,False Cause,anti,"Asserts that the causal attribution holds independent of confounders, with no analysis cited, after citing correlational survey data."
female-genital-mutilation-in-the-united-states,"Proponents of relativism often frame FGM as a private cultural rite, such as informal ""cutting ceremonies"" conducted in immigrant enclaves, thereby excusing non-consensual procedures on minors as beyond external judgment.",F002,Straw Man,anti,"Attributes to unnamed 'proponents of relativism' a position of 'excusing non-consensual procedures', a weak version that is then refuted."
female-genital-mutilation-in-the-united-states,"Sources advancing relativism, often from anthropological circles, exhibit selective application by condemning equivalent male practices less rigorously, revealing inconsistency rather than principled neutrality.",F001,Ad Hominem,anti,Dismisses the relativist position by charging its sources with inconsistency rather than answering the argument. It also asserts the male practices are 'equivalent'.
female-genital-mutilation-in-the-united-states,"Despite an estimated at-risk population exceeding 500,000 girls and women from high-prevalence immigrant communities, the paucity of documented cases post-2017 suggests potential deterrence effects from heightened awareness and legal risks, though underreporting remains a challenge.",F010,Appeal to Ignorance,anti,"Takes the absence of documented cases as evidence that deterrence works, while the same sentence and section stress underreporting."
female-genital-mutilation-in-the-united-states,"Without such imperatives, assimilation falters, as evidenced by ongoing clandestine networks, reinforcing arguments that education alone insufficiently supplants entrenched norms without legal compulsion and cultural integration requirements.",F011,Hasty Generalization,anti,Generalizes from the existence of clandestine networks to a claim that assimilation fails without legal compulsion and vetting.
female-genital-mutilation-laws-by-country,"Universalist frameworks have driven binding instruments like the 2003 Maputo Protocol (African Union, 55 signatories), mandating bans while incorporating community sensitization, yielding prevalence drops (e.g., 25% reduction in Kenya from 1998-2014 per DHS surveys).",F031,Post Hoc,anti,"Credits universalist instruments (the 2003 Maputo Protocol) with a Kenyan decline spanning 1998-2014, based on timing alone. The article elsewhere says causal evidence on laws is scarce."
female-genital-mutilation-laws-by-country,"Academic relativism, while highlighting implementation pitfalls like elite hypocrisy in urban-rural divides, is countered by evidence that sustained universalist pressure correlates with attitude shifts, as in Burkina Faso's 92% support for bans by 2010 surveys post-2005 laws.",F031,Post Hoc,anti,"Survey support measured after a law is offered as evidence that universalist pressure works, based on timing alone."
female-genital-mutilation-laws-by-country,"From 2020 to 2025, global FGM cases rose 15% to over 230 million, partly fueled by medicalized forms in urbanizing areas, underscoring how professional involvement legitimizes the practice rather than eroding it, as confirmed by WHO and UNICEF analyses rejecting ""safer"" variants.",F034,False Cause,anti,"Attributes the rise in survivor counts to medicalization without support, then uses it to show that medical involvement 'legitimizes' the practice. Population growth, the obvious alternative, is not considered."
foreskin,"The glans penis itself contains thousands of specialized nerve endings (around 4,000–8,000 axons/receptors), forming the primary site for erogenous sensation, which remains unaffected by circumcision.",F036,Suppressed Evidence,pro,"States flatly that glans sensation is unaffected, leaving out the article's own account that exposure after circumcision keratinizes and coarsens the glans surface."
foreskin,"The condition is nearly absent in circumcised populations, underscoring the foreskin's role in harboring oncogenic factors like high-risk HPV strains, which are 32-43% less prevalent post-circumcision per systematic reviews.",F032,Cum Hoc,pro,"Takes an association (OR about 0.33, so not 'nearly absent') as showing the foreskin's causal role."
foreskin,"Intactivist narratives promoting the foreskin as possessing uniquely dense nerve endings for erotogenic purposes are contradicted by histological studies revealing lower specialized nerve density compared to the glans, with no empirical link to superior pleasure.",F036,Suppressed Evidence,pro,"Calls the claim contradicted while leaving out the article's own anatomy section, which says preputial corpuscular endings are up to 10 times denser than in the glans."
foreskin,"These evaluations, drawn from peer-reviewed analyses, underscore a pattern where advocacy prioritizes absolutist positions over causal evidence from prospective trials.",F040,Loaded Language,pro,The article's own summary labels opponents 'absolutist'. Loaded framing caps a section that presents only one side.
foreskin,"Systematic reviews confirm no adverse impacts on sexual function, sensitivity, or satisfaction from circumcision, countering claims of foreskin-specific erogenous loss, as glans keratinization does not demonstrably impair overall penile sensation in controlled studies.",F036,Suppressed Evidence,pro,"Presents the evidence as settled ('confirm no adverse impacts'), though the lead says empirical studies on sensitivity are conflicting."
foreskin-restoration,"Empirical data on objective benefits like sensitivity gains or sexual performance improvements remain sparse and inconclusive, contrasting with robust evidence that circumcision itself imposes negligible long-term detriments to erectile or orgasmic function.",F036,Suppressed Evidence,pro,A lead-section aside presents the sexual-function evidence as robustly one-sided. The article itself treats glans keratinization and sensitivity effects as real phenomena.
gishiri-cutting,"Absence of efficacy is further inferred from fistula repair success rates, where gishiri-induced lesions require surgical correction without prior functional gains.",F011,Hasty Generalization,anti,Infers that the procedure has no efficacy in general from a sample selected for harm (women presenting with fistulas).
infibulation,"The practice exhibits marked gender asymmetry, with female infibulation imposing irreversible narrowing of the birth canal to constrain sexual access and reproduction—far exceeding male circumcision's scope—due to the evolutionary and economic imperatives of paternal investment in high-dependency offspring within resource-scarce, agrarian contexts.",F033,Causal Oversimplification,pro,"Explains the female/male asymmetry with one speculative evolutionary-economic cause, presented as fact, to support the male/female distinction."
infibulation,"Anatomically, male circumcision removes a fold of skin (the foreskin) that protects the glans but does not fundamentally alter penile erectile, urinary, or sensory functions, whereas infibulation excises the clitoris—the primary site of female sexual pleasure and orgasm—and constructs a barrier that impedes natural vaginal function, often requiring repeated cutting for intercourse or childbirth.",F036,Suppressed Evidence,pro,"Asserts that sensory function is unaltered while leaving out contrary evidence, to sharpen the male/female contrast."
infibulation,"This reaction underscores causal limitations of top-down approaches, where coercion correlates with evasion rather than abandonment in low-capacity contexts.",F032,Cum Hoc,neutral,Moves from a correlation (coercion correlates with evasion) to a 'causal' limitation of top-down approaches.
international-day-of-zero-tolerance-for-female-genital-mutilation,"This initiative has supported national strategies leading to declines in prevalence, such as in Egypt where reported FGM rates among girls aged 0-14 fell from 74% in 1995 to under 10% by 2021, though enforcement gaps persist.",F031,Post Hoc,anti,Credits the 2008 Joint Programme with a decline measured from a 1995 baseline. The article later warns that trends predate the campaigns.
international-day-of-zero-tolerance-for-female-genital-mutilation,"Similarly, 28 Too Many, established in 2010 as a research-driven charity, supports African civil society by mapping prevalence in 28 countries and developing model laws, enabling data-informed interventions that have informed policy in nations like Kenya, where prevalence fell from 37.6% in 1998 to 14.8% by 2022 among women aged 15-49.",F031,Post Hoc,anti,"Implies a 2010-founded charity's work contributed to a decline that began in 1998, based on timing alone."
international-day-of-zero-tolerance-for-female-genital-mutilation,"Despite two decades of global zero-tolerance advocacy since 2003, prevalence remains high, with over 230 million women and girls affected as of 2024, suggesting limited empirical success in high-risk areas and raising questions about overreliance on legal coercion without addressing underlying socioeconomic drivers like poverty and gender inequality.",F036,Suppressed Evidence,neutral,"Uses the rising absolute count as evidence of failure, leaving out what the article itself says: the rise reflects population growth while prevalence rates decline."
international-day-of-zero-tolerance-for-female-genital-mutilation,"Despite global commitments like SDG 5.3 targeting elimination by 2030, discrepancies in prevalence data—due to self-reporting biases and varying definitions—fuel skepticism about progress metrics, underscoring the need for culturally attuned, evidence-based hybrids over ideological absolutism.",F040,Loaded Language,pro,"The article's closing line labels the zero-tolerance stance 'ideological absolutism', a loaded characterization."
meatal-stenosis,"The condition is exceptionally rare in uncircumcised males, highlighting the causal role of surgical denudation of the prepuce in exposing vulnerable tissue to environmental irritants.",F032,Cum Hoc,anti,Infers causation from a correlation. The article's own 2017 meta-analysis found no significant difference between circumcised and uncircumcised rates.
meatal-stenosis,"Refraining from neonatal circumcision substantially reduces the risk, as the condition is rare in uncircumcised males and occurs in approximately 5-10% of circumcised boys, often due to post-procedural meatal exposure to urine-soaked diapers and resultant chemical irritation.",F036,Suppressed Evidence,anti,A flat preventive claim that leaves out the article's own meta-analytic evidence of no significant difference (0.66% vs 0.92%).
mohel,"Systematic reviews of these trials and observational data affirm the mechanism involves keratinization of the glans and reduced viral entry sites under the foreskin, conferring lifelong protection when performed neonatally, as evidenced by lower HIV prevalence in circumcised populations.",F032,Cum Hoc,pro,"Takes population-level correlation as proof of lifelong neonatal protection, an extrapolation from adult RCTs."
mohel,"News media coverage of mohels predominantly focuses on controversies surrounding brit milah, particularly rare health risks from metzitzah b'peh (direct oral suction), amplifying isolated incidents like neonatal herpes cases in New York City between 2000 and 2012, which involved a small number of ultra-Orthodox practitioners.",F040,Loaded Language,pro,"Calls cases 'isolated incidents' and coverage 'amplifying', although the article itself reports 24 cases with deaths and a 3.4-fold excess rate."
mohel,"Broader societal views, influenced by secular ethics and medical skepticism, often conflate mohels with infant genital alteration debates, viewing brit milah as unnecessary or harmful despite data showing complication rates under 1% for trained practitioners.",F003,Red Herring,pro,"Answers the 'unnecessary' objection with complication rates, which do not address it."
mohel,"Mainstream portrayals tend to prioritize autonomy arguments against non-consensual procedures, reflecting institutional biases toward secular norms, while underrepresenting the ritual's centrality to Jewish continuity amid declining circumcision rates among non-religious U.S. Jews (from 90% in the 1970s to about 70% by 2020).",F001,Ad Hominem,pro,Dismisses autonomy-based portrayals by pointing to the alleged bias of their sources instead of their arguments.
prevalence-of-female-genital-mutilation,"Empirical data from repeated cross-sectional surveys underscore that while absolute numbers grow with demographics, targeted interventions have reduced type III procedures (infibulation) in some cohorts, highlighting causal links between education, legal enforcement, and attitude shifts over blanket prohibitions.",F032,Cum Hoc,neutral,Repeated cross-sectional surveys are said to establish 'causal links'.
prevalence-of-female-genital-mutilation,"Shia Islam, by contrast, lacks such hadith endorsements and explicitly rejects FGM, with negligible prevalence in Shia-dominant regions like Iran (under 1% nationally, though pockets exist in Sunni-influenced provinces), highlighting doctrinal variance as a causal factor in distribution.",F032,Cum Hoc,neutral,Infers that doctrine causes the distribution from a Shia/Sunni correlation. The article itself later notes Shia Ismaili (Bohra) practice.
prevalence-of-female-genital-mutilation,"This fusion underscores how religious frameworks have causally entrenched the rite, countering claims of pure cultural autonomy.",F032,Cum Hoc,neutral,"Prevalence differences by religion are presented as proof of religious causation, with confounders such as ethnicity and region ignored."
prevalence-of-female-genital-mutilation,"Recent declines in younger cohorts underscore campaign impacts, with under-15 prevalence below 5% in Uganda and Rwanda due to community-led initiatives, religious leader involvement, and enforcement of anti-FGM laws, though adult women retain higher legacy rates from prior generations.",F031,Post Hoc,anti,Credits campaigns with low youth prevalence in countries the article describes as having been below 1% for over 30 years (Uganda) or negligible (Rwanda).
religious-views-on-female-genital-mutilation,"The notion that FGM is intrinsically linked to Islam lacks empirical support, as the practice shows higher rates among animist and Christian populations in certain African regions compared to many Muslim-majority areas.",F036,Suppressed Evidence,neutral,Selects counterexamples and leaves out the article's own Burkina Faso data (Muslims about 75% vs Christians 50%) and the lead's note of higher Muslim prevalence.
religious-views-on-female-genital-mutilation,"Evangelical missions have contributed to FGM's decline in parts of Africa, including through doctrinal prohibitions that emphasize bodily integrity as per New Testament teachings, with historical missionary activities correlating with reduced prevalence in mission-influenced areas.",F032,Cum Hoc,neutral,Infers that missions caused the decline from the correlation stated in the same sentence ('correlating with reduced prevalence').
restoration-device,"This gap reflects broader institutional hesitancy toward patient-driven interventions countering routine circumcision, where formal studies remain scarce.",F034,False Cause,anti,"Puts the lack of studies down to institutional bias without evidence. Other explanations, such as the niche, non-clinical nature of the practice, go unconsidered."
restoration-device,"These claims persist in non-scientific forums but lack falsifiable metrics, highlighting the predominance of motivated reasoning over empirical validation in the field.",F001,Ad Hominem,pro,Characterizes the field's proponents as driven by motivated reasoning instead of confining the critique to evidence quality.
ulwaluko,"While these values sustain cultural continuity—practiced by over 80% of Xhosa males as of recent surveys—they have drawn critique for entrenching hierarchical gender expectations, such as male primacy in provision, potentially at odds with egalitarian modern ideals, yet empirical persistence underscores their adaptive fit within enduring Xhosa social fabrics.",F028,Appeal to Tradition,pro,"Treats the practice's persistence as evidence of its adaptive value, which is an appeal to tradition or longevity."
ulwaluko,"Rural settings, by contrast, benefit from communal oversight and geographic isolation that enforce stricter adherence to protocols, yielding lower incident rates than urban dilutions where profit motives supplant elder-guided standards.",F040,Loaded Language,pro,"'Urban dilutions' is loaded framing that casts harms as corruption of the authentic rite. The rural-safety claim is asserted, not shown, and the article elsewhere describes unsterilized rural practice."
ulwaluko,"Empirical audits reveal that core ritual elements under qualified custodians exhibit fewer failures, with escalated risks tracing primarily to modern encroachments such as fee-based, unregulated schools rather than inherent procedural flaws.",F039,No True Scotsman,pro,"No True Scotsman: failures are assigned to non-genuine practice, even though the article describes unsterilized tools, no anesthesia and fluid restriction as core traditional elements."
ulwaluko,"Data from Mthatha-based research underscores low overt gay participation not as coerced rejection but as practical incompatibility, with initiates navigating dual lives post-ritual, suggesting cultural fit drives outcomes over institutional barriers.",F036,Suppressed Evidence,pro,"Ignores the previous sentence's evidence of gay initiates concealing their identities under social pressure, and reframes exclusion as 'fit'."
ulwaluko,"Implementation has yielded measurable safety improvements, with reported deaths in the Eastern Cape dropping from 453 between 2006 and 2011—amid widespread non-compliance—to 11 out of 10,794 initiates in the 2022 winter season, attributable to stricter licensing and health interventions.",F031,Post Hoc,neutral,"A six-year cumulative total (453) is set against a single season (11), and the drop is credited to licensing without a like-for-like comparison."
ulwaluko,"Projections indicate persistence among Xhosa communities, driven by identity formation benefits, provided reforms address verifiable complications through verifiable training efficacy rather than unsubstantiated bans.",F040,Loaded Language,pro,'Unsubstantiated bans' dismissively frames the discontinuation position as baseless.
women-unaffected-by-female-genital-cutting,"This group comprises the overwhelming majority of the world's approximately four billion females, as female genital cutting affects only over 230 million girls and women alive today, concentrated in about 30 countries across Africa (144 million cases), Asia (over 80 million), and parts of the Middle East.",F040,Loaded Language,pro,The word 'only' minimizes a figure of 230 million.
women-unaffected-by-female-genital-cutting,"The mutilation narrative, dominant in Western human rights and media discourses, posits inherent physical, sexual, and psychological devastation, often extrapolating from severe Type III infibulation cases (prevalent in <10% of instances globally) to all forms, while downplaying self-reports of normalcy.",F002,Straw Man,pro,Straw man: the opposing view is characterized as extrapolating from infibulation to all forms.
women-unaffected-by-female-genital-cutting,"This supports cutting proponents' view that pathologizing narratives amplify harm via social exclusion, as institutional emphases on mutilation—often from ideologically aligned NGOs—overlook resilience in unaffected women who report intact pleasure and well-being, per community-based surveys in Mali and Sierra Leone (e.g., 70-80% satisfaction rates in ritual contexts).",F026,Poisoning the Well,pro,Poisons the well against NGO sources by calling them 'ideologically aligned' instead of engaging their evidence.
women-unaffected-by-female-genital-cutting,"Such distinctions reveal how source biases, including ethnocentric assumptions in academia, skew toward harm amplification over causal disaggregation of cultural versus procedural impacts.",F001,Ad Hominem,pro,Rejects harm findings by attributing ethnocentric bias to the researchers.
women-unaffected-by-female-genital-cutting,"In Demographic and Health Surveys (DHS) conducted across countries where female genital cutting (FGC) is prevalent, substantial proportions of women who have undergone the procedure express support for its continuation, indicating a lack of perceived personal detriment to well-being.",F011,Hasty Generalization,pro,"Infers that women perceive no personal harm from their support for continuing the practice for daughters, which the article elsewhere ties to social-norm pressure."
women-unaffected-by-female-genital-cutting,This suggests that reported physical complaints in FGC-affected women may often stem from stigma or access barriers rather than the cutting procedure.,F011,Hasty Generalization,pro,Generalizes from a single cross-sectional diaspora study to FGC-affected women in general.
women-unaffected-by-female-genital-cutting,"Cohort studies report no procedure-independent elevation in physical morbidities, with adverse events more tied to social exclusion than anatomical changes (e.g., 16.6% recent gynecological events unrelated to FGC status).",F011,Hasty Generalization,pro,Applies findings from a mostly Type I/II Somali-American sample (the 16.6% figure) to Type III infibulation.
women-unaffected-by-female-genital-cutting,"Psychological distress, when present, correlates more strongly with migration-induced acculturation stress or anti-FGC campaigns than the cutting event itself, per longitudinal self-reports.",F032,Cum Hoc,pro,Treats a correlation as showing that distress comes from campaigns rather than from cutting.
women-unaffected-by-female-genital-cutting,"These accounts challenge pathologizing frameworks, emphasizing subjective normalcy over imposed victimhood.",F040,Loaded Language,pro,'Pathologizing' and 'imposed victimhood' are loaded framing of the harm position.
women-unaffected-by-female-genital-cutting,"This suggests that social determinants, rather than the cutting itself, drive many reported harms, challenging direct causal attributions in global narratives.",F011,Hasty Generalization,pro,Draws a global causal conclusion from one adjusted cross-sectional study.
women-unaffected-by-female-genital-cutting,"Empirical links between FGC and systemic patriarchy remain weakly established, as practices are frequently initiated and controlled by women for social cohesion, not male dominance, and reports of fulfilling sexual lives post-cutting contradict narratives of inherent debilitation.",F013,False Dilemma,pro,False dilemma: women's enforcement of the practice is treated as excluding patriarchal causation.
women-unaffected-by-female-genital-cutting,"These findings imply that anti-FGC campaigns may amplify harms through stigmatization and eroded healthcare trust, prioritizing ideological uniformity over context-specific evidence.",F040,Loaded Language,pro,'Ideological uniformity' is loaded characterization of the campaigns.
women-unaffected-by-female-genital-cutting,"Demographic and Health Surveys (DHS) across practicing countries corroborate higher endorsement rates among women compared to men, underscoring self-perpetuation over imposed victimhood.",F013,False Dilemma,pro,Frames women's support and victimhood as mutually exclusive.
women-unaffected-by-female-genital-cutting,"The persistence of cutting despite billions in funding—such as the Joint Programme's focus on attitude shifts yielding only modest, non-sustained behavioral changes—suggests campaigns overlook practitioner perspectives that prioritize cultural continuity over Western-framed harm narratives.",F034,False Cause,pro,"Attributes persistence to campaigns overlooking practitioners, without evidence for that cause. Population growth is noted elsewhere."
brit-shalom-naming-ceremony,"Sources promoting Brit Shalom, often tied to anti-circumcision advocacy, highlight its alignment with modern ethics, yet Orthodox Judaism uniformly rejects it as insufficient for covenantal entry.",F026,Poisoning the Well,pro,Discounts the supporting sources by pointing to their advocacy ties instead of their content.
brit-shalom-naming-ceremony,"Emerging in the mid-1980s through grassroots efforts by rabbis like Nathan Segal, the ceremony reflects broader trends in humanistic and progressive Judaism, where personal choice supplants halachic absolutism, as endorsed by organizations such as the Society for Humanistic Judaism.",F040,Loaded Language,anti,'Halachic absolutism' is pejorative framing of the traditional position.
paraphimosis,"This procedure serves as a reliable prophylactic strategy, nearly eliminating paraphimosis risk while also offering broader benefits like reduced penile carcinoma incidence, though it is typically reserved for cases where non-surgical options fail.",F003,Red Herring,pro,"Brings in an unrelated claimed benefit (penile cancer) while discussing prophylaxis for paraphimosis, which tilts the case toward circumcision."
phimosis,"A Danish cohort study of uncircumcised boys under a foreskin-preserving policy found surprisingly high morbidity from phimosis, including adhesions and infections, underscoring risks in regions avoiding routine circumcision.",F011,Hasty Generalization,pro,Generalizes from one Danish cohort to all regions without routine circumcision.
phimosis,"These variations highlight how cultural and religious practices causally shape phimosis epidemiology, with empirical data from global surveys confirming lower morbidity in circumcising societies.",F036,Suppressed Evidence,pro,"Treats the absence of foreskin conditions as 'lower morbidity' and leaves out circumcision's own complications, which the article mentions elsewhere."
phimosis,"Empirical data indicate that in uncircumcised cohorts, self-resolved or conservatively managed cases predominate, challenging claims of universal medical necessity and highlighting how cultural biases—such as parental expectations of early retraction by age 1 in 66% of surveyed families—drive unnecessary interventions despite evidence of natural resolution.",F034,False Cause,anti,"Asserts from a survey of parental expectations that these biases cause unnecessary interventions, without establishing the causal link."
